TransactionID,CustomerID,TransactionDate,TransactionAmount,TransactionType,TransactionLocation,FraudFlag
17985952,942511,2024-09-16,24054.98,Withdrawal,Khora ,No
20036976,166609,2024-09-17,19084.26,Withdrawal,Jalna,No
4431626,869036,2025-01-14,6539.32,Deposit,Agra,No
32133610,423408,2024-12-18,37793.6,Transfer,Junagadh,No
34502106,343004,2024-10-07,1211.29,Deposit,Chittoor,No
97098044,256929,2024-03-21,28613.97,Withdrawal,Hindupur,No
89244979,418082,2025-01-12,1007.59,Transfer,Delhi,No
14648925,492743,2024-07-14,45457.31,Deposit,Coimbatore,No
28363622,554711,2024-04-26,34735.79,Transfer,Bhagalpur,No
75413500,614404,2024-08-19,49133.53,Transfer,Hapur,No
78016046,676026,2024-02-24,27004.42,Withdrawal,Bhind,No
99604216,548913,2024-09-21,42677.78,Transfer,Saharanpur,No
91124063,100132,2024-01-24,6273.19,Deposit,Ballia,No
99035159,909366,2024-05-10,29793.21,Deposit,Gurgaon,No
79216876,184895,2024-08-24,35477.17,Withdrawal,Nagercoil,No
80997845,807209,2024-05-19,16219.21,Transfer,Chandrapur,No
78022460,868487,2024-05-22,20273.16,Deposit,Sambhal,No
74344266,564322,2024-11-26,27155.47,Transfer,Secunderabad,Yes
176170,586107,2024-11-15,42686.96,Deposit,Amritsar,No
60296062,839364,2024-08-25,31464.77,Withdrawal,Siliguri,Yes
58069268,847114,2024-04-18,12870.68,Withdrawal,Nellore,No
74784514,969177,2024-06-27,13107.02,Deposit,Ichalkaranji,No
49253937,786045,2024-01-31,23562.82,Deposit,Nellore,No
34098922,982330,2024-05-26,7796.79,Withdrawal,Rajahmundry,No
20509209,429676,2024-12-05,49204.39,Withdrawal,Ballia,No
29312131,7593,2024-04-07,555.91,Transfer,Latur,No
34816624,540832,2024-04-20,32209.42,Deposit,Naihati,No
38373890,144066,2024-05-24,5818.7,Transfer,Chittoor,No
83818615,57872,2024-05-18,8059.24,Transfer,North Dumdum,No
21309074,424979,2024-02-29,13540.32,Transfer,Bhagalpur,No
4993228,916450,2025-01-07,38895.71,Deposit,New Delhi,No
7755158,728399,2024-03-01,41016.75,Transfer,Kalyan-Dombivli,No
14807293,705856,2024-02-18,22233.2,Transfer,Shimla,No
5136687,113816,2024-07-01,22242.4,Deposit,Udupi,No
59195706,902799,2024-07-28,30075.19,Transfer,Panihati,No
73090125,659483,2024-02-16,9648.09,Withdrawal,Katihar,No
29110999,365397,2024-11-26,8938.99,Deposit,Machilipatnam,No
93855158,434276,2024-09-11,30831.62,Withdrawal,Nanded,No
43067213,471842,2024-07-27,4633.43,Transfer,Kadapa,No
19413028,516395,2024-05-24,38866.55,Transfer,Kota,No
39211751,79576,2024-05-24,17128.71,Deposit,Avadi,No
19704829,559848,2024-12-25,8047.91,Transfer,Meerut,No
71750313,69800,2025-01-10,27379.53,Deposit,Pali,No
58406745,103647,2024-12-26,18838.95,Transfer,Rampur,No
76211515,400232,2024-06-30,13435.31,Withdrawal,Kozhikode,No
18298841,65536,2024-12-20,38121.16,Deposit,Ulhasnagar,No
31000971,160904,2024-10-02,31753.74,Transfer,Gandhinagar,No
58156847,293488,2024-05-25,7438.57,Transfer,Thrissur,No
92221519,827705,2024-10-03,37856.97,Withdrawal,Firozabad,No
44481499,931765,2024-08-27,33484.08,Withdrawal,Shimla,No
89768288,750791,2024-07-03,47541.86,Withdrawal,Durg,No
4399394,892278,2024-04-20,24185.35,Deposit,Gaya,No
67152539,168574,2025-01-11,36905.88,Withdrawal,Narasaraopet,No
82398708,918743,2024-07-20,28475.11,Transfer,Lucknow,No
87100358,184272,2024-10-16,20744.96,Withdrawal,Vadodara,No
35472352,33937,2024-10-15,11678.57,Deposit,Parbhani,No
24981517,888349,2024-08-27,20281.31,Deposit,Bhilai,No
99026873,189638,2024-11-20,40480.01,Transfer,Etawah,No
83477412,348557,2024-02-10,45551.47,Deposit,Durgapur,No
13861735,905556,2024-01-22,10049.68,Deposit,Gorakhpur,No
86991235,422077,2024-04-21,23987.66,Deposit,Phagwara,No
98717318,882266,2024-05-04,17515.46,Deposit,Vijayawada,No
20864363,297816,2024-05-12,24746.88,Transfer,Hajipur,No
92258667,462703,2025-01-13,13542.69,Transfer,Orai,No
30491396,105092,2024-03-22,47597.78,Transfer,Raurkela Industrial Township,No
16156027,323826,2024-05-08,16017.96,Deposit,Miryalaguda,No
28059021,468075,2024-01-25,21798.45,Transfer,Dharmavaram,No
391537,115017,2024-11-12,7599.38,Deposit,Ambala,No
47732606,877494,2024-05-28,36124.19,Deposit,Rampur,No
93439343,650483,2024-03-14,7245.56,Transfer,Mehsana,No
69800802,665101,2024-06-22,21741.98,Withdrawal,Aligarh,No
40466047,69800,2024-06-01,43392.86,Withdrawal,Gudivada,Yes
19840384,378613,2024-09-21,44657.36,Transfer,Chandrapur,No
36089563,842402,2024-07-26,47542.81,Withdrawal,Udaipur,No
98015631,551532,2024-02-04,3240.71,Deposit,Gwalior,No
151618,667184,2024-08-19,44438.2,Withdrawal,Kakinada,No
68310865,992094,2024-02-11,25441.92,Transfer,Gurgaon,No
87344979,400232,2024-04-06,17028.5,Deposit,Jaunpur,No
92651024,58471,2024-12-30,16023.88,Withdrawal,Anantapur,No
27082037,391681,2024-04-11,26560.02,Transfer,Medininagar,No
62898920,827705,2024-02-25,28057.58,Deposit,Giridih,No
22558252,916743,2024-09-25,46235.99,Transfer,Dewas,No
93156819,404447,2024-12-08,23652.53,Withdrawal,Gulbarga,No
9925990,551532,2024-01-19,32370.07,Withdrawal,Jamshedpur,No
49413889,982733,2024-12-09,8278.95,Transfer,Faridabad,No
80933346,886675,2024-06-13,4630.51,Deposit,Berhampore,No
30006010,885698,2024-09-03,42938.01,Deposit,Dehri,No
86472899,973606,2024-04-04,20454.05,Withdrawal,Bhopal,No
52063093,404334,2024-07-14,42967.5,Deposit,Kollam,No
44387976,67681,2024-06-24,46697.03,Transfer,Haridwar,No
50262900,765169,2024-04-05,22724.26,Transfer,Varanasi,No
45396115,620181,2024-08-18,45526.36,Deposit,Etawah,No
89504752,337688,2024-01-27,29135.38,Withdrawal,Jorhat,No
10702240,574099,2024-04-02,3210.55,Withdrawal,Srikakulam,No
29823742,848052,2024-07-06,22667.21,Transfer,Guwahati,Yes
27818121,592551,2024-04-07,18471.16,Deposit,Karawal Nagar,No
10359087,498086,2024-07-17,15185.84,Transfer,Nashik,No
20951054,490903,2024-02-24,15503.26,Transfer,Ujjain,No
24252308,774883,2024-11-20,1490.87,Transfer,Rohtak,No
6634639,320868,2024-12-30,34602.77,Withdrawal,Rajpur Sonarpur,No
68176180,959152,2024-12-03,40140.89,Transfer,Bihar Sharif,No
95770821,497313,2024-06-24,35162.08,Withdrawal,Tumkur,No
1807720,931961,2024-08-31,44180.75,Transfer,Junagadh,No
34608727,8777,2025-01-11,20922.41,Withdrawal,Morena,No
47986194,323568,2024-07-07,41820.67,Transfer,Bahraich,No
80447593,870714,2024-02-27,4712.22,Withdrawal,Rajkot,No
99694315,136362,2024-12-09,32267.53,Deposit,Katni,No
27820629,107770,2024-05-31,19004.77,Transfer,Satna,No
91701983,898219,2024-07-21,29726.39,Deposit,Bikaner,No
61735974,289384,2024-07-22,41075.62,Deposit,Berhampore,No
43330596,15904,2024-10-25,8493.92,Deposit,Kollam,No
66871328,675125,2024-09-28,34956.41,Withdrawal,Proddatur,No
43979176,58471,2024-02-04,23465.33,Deposit,Berhampore,No
57341454,277368,2024-11-27,34585.69,Withdrawal,Ambala,No
31941547,307612,2024-06-05,45368.83,Withdrawal,Bardhaman,No
77626751,781435,2024-10-11,19530.68,Withdrawal,Dehri,No
1225806,524796,2024-04-24,30292.86,Deposit,Asansol,No
36790047,850645,2024-11-04,14776.18,Transfer,Kanpur,No
30466194,862255,2024-03-16,14097.84,Deposit,Kamarhati,No
16077307,669194,2024-07-18,9309.39,Withdrawal,Khora ,No
12919524,839364,2025-01-07,40329.82,Deposit,Miryalaguda,No
65082676,444939,2024-04-18,44669.21,Deposit,Haldia,No
17346044,705856,2024-04-06,11067.79,Deposit,North Dumdum,No
76987034,899151,2024-09-18,34292.74,Deposit,Tiruppur,No
55129594,677751,2024-12-05,25428.2,Transfer,Davanagere,No
99767535,951360,2024-12-03,13308.11,Withdrawal,Solapur,No
16306339,64355,2024-09-20,34523.31,Withdrawal,Bhopal,No
42764042,103647,2024-05-03,23540.64,Transfer,Hospet,No
82993763,530310,2024-07-23,44140.27,Withdrawal,Hospet,No
41129645,267528,2025-01-12,39289.21,Transfer,Sambalpur,No
43745273,971810,2025-01-10,2340.26,Transfer,Bikaner,No
59879352,889455,2024-03-23,23744.59,Transfer,Ujjain,No
44755881,709972,2024-09-04,46238.54,Transfer,Hyderabad,No
41818465,981159,2024-10-13,47737.59,Deposit,Gandhinagar,No
80325564,840250,2024-08-29,9856.27,Withdrawal,Dharmavaram,No
24058522,532438,2024-07-26,17793.85,Transfer,Shivpuri,No
43871906,366995,2024-08-12,16531.01,Withdrawal,Karnal,No
54807254,183075,2024-05-26,18981.4,Transfer,Bidar,No
43233806,995504,2024-08-09,43477.15,Deposit,Bhagalpur,No
6814428,454864,2024-05-01,15158.94,Transfer,Unnao,No
81402044,548913,2024-10-31,42932.92,Deposit,Chennai,No
28501406,955563,2024-01-31,34514.99,Transfer,Tirunelveli,No
10724540,592551,2024-04-16,5124.62,Deposit,Panihati,No
1215730,569078,2025-01-12,23118.53,Deposit,Gandhidham,No
54126795,286730,2024-07-24,34199.0,Withdrawal,Korba,No
61715592,298042,2024-08-24,3223.2,Transfer,Amroha,No
66605616,100854,2025-01-05,1373.27,Transfer,Gudivada,No
32444431,634324,2024-08-09,11239.33,Deposit,Gangtok,No
49028410,152564,2024-11-10,25446.92,Transfer,Ichalkaranji,No
62645936,753805,2024-09-26,8028.41,Deposit,Nandyal,No
1823022,510170,2024-03-05,29704.67,Deposit,Gwalior,No
34089062,286614,2024-05-30,15098.76,Withdrawal,Chinsurah,No
17788374,33573,2024-11-06,26854.3,Withdrawal,Warangal,No
20742754,15904,2024-12-20,18340.26,Deposit,Aurangabad,No
53646306,192228,2024-04-21,36009.21,Withdrawal,Thoothukudi,No
3531751,605793,2024-09-28,31658.68,Withdrawal,Morbi,No
69915628,213996,2024-03-31,36559.0,Deposit,Kollam,No
21891806,79576,2024-11-27,14549.39,Deposit,Tinsukia,No
49122135,616801,2024-10-23,6149.32,Transfer,Kishanganj,No
4520752,884582,2024-04-12,7677.74,Deposit,Unnao,No
38600856,323492,2024-05-11,15575.73,Withdrawal,Darbhanga,No
67695305,213996,2024-09-17,44681.99,Withdrawal,Hospet,No
97839558,634537,2024-09-13,946.59,Deposit,Cuttack,No
27525903,347598,2024-06-26,46133.05,Withdrawal,Satna,No
2764622,298042,2024-04-10,13661.69,Transfer,Bareilly,No
21559396,603650,2024-06-07,8442.23,Deposit,Mira-Bhayandar,No
67567096,19689,2024-09-15,4532.89,Transfer,Bongaigaon,No
75498567,151323,2024-09-09,6839.46,Deposit,Malegaon,No
23458309,75697,2024-06-14,18346.2,Transfer,Amravati,No
39088730,818624,2024-04-09,13505.26,Withdrawal,Kanpur,No
66952142,489322,2024-06-10,29574.4,Transfer,Panihati,No
96299138,149507,2024-08-17,20664.43,Deposit,Tezpur,No
31804095,93889,2024-11-26,17378.03,Transfer,Raipur,No
81975423,720809,2024-05-17,38200.92,Transfer,Baranagar,No
405036,464506,2024-03-19,22506.09,Withdrawal,Hubli–Dharwad,No
98633909,257199,2024-08-16,29214.93,Deposit,Kota,No
14617788,347879,2024-02-25,1391.36,Deposit,Siliguri,No
85447418,605793,2024-11-20,49987.94,Transfer,Srinagar,No
15006418,640841,2024-10-15,44613.17,Transfer,Satara,No
15800911,348557,2024-09-17,19962.18,Withdrawal,Kalyan-Dombivli,No
11378373,848524,2025-01-06,40764.11,Transfer,Ichalkaranji,No
6496711,248547,2025-01-09,8202.76,Deposit,Gurgaon,No
72302251,895766,2024-06-22,23849.68,Deposit,Raiganj,No
23486039,976465,2024-07-28,8111.16,Transfer,Dehri,No
16123609,530310,2024-03-14,1822.38,Deposit,Bhilai,No
20999810,551532,2024-01-28,37037.75,Deposit,Bardhaman,No
90586294,100854,2024-04-29,28327.4,Transfer,Khammam,No
49473515,583301,2024-07-18,1143.75,Transfer,Ghaziabad,Yes
58389724,665630,2024-08-27,1173.0,Deposit,Saharsa,No
19171031,773797,2024-05-12,8583.48,Transfer,Nellore,No
94805222,499170,2024-05-31,19391.28,Deposit,Vijayanagaram,No
41498363,67376,2024-06-19,47789.68,Withdrawal,Madanapalle,No
45341614,728399,2024-04-26,25369.89,Transfer,Rampur,No
80587065,329274,2024-08-20,13782.62,Transfer,Muzaffarpur,No
28616523,713573,2024-07-05,46891.9,Transfer,Suryapet,No
65098775,801107,2024-06-11,12191.26,Transfer,Noida,No
88865927,295101,2024-07-20,36498.44,Withdrawal,Shivpuri,No
85927312,194224,2024-04-12,17169.48,Deposit,Bhiwani,No
79263716,889455,2024-06-26,21417.74,Withdrawal,Aurangabad,No
26658485,62326,2024-06-29,39349.14,Withdrawal,Bhalswa Jahangir Pur,No
94338787,582757,2024-10-06,49958.72,Transfer,Malda,No
2661488,220250,2024-03-22,23106.01,Withdrawal,Udupi,No
83413149,293488,2024-07-20,17989.66,Withdrawal,Ramgarh,No
62265922,391429,2024-05-28,17384.59,Transfer,Malda,No
79682902,614404,2024-12-07,42409.29,Transfer,Karimnagar,Yes
95753250,856024,2024-01-20,9203.04,Withdrawal,Alappuzha,No
59585570,902799,2024-01-26,14247.87,Withdrawal,Sultan Pur Majra,No
38448850,612370,2024-07-20,26304.46,Withdrawal,Hospet,No
44888486,659329,2024-06-04,24628.73,Transfer,Alappuzha,No
71571534,136362,2024-03-18,23404.73,Deposit,Raiganj,No
25273758,717623,2024-02-19,32275.21,Withdrawal,Ujjain,Yes
68110906,748416,2024-05-30,12560.57,Transfer,Surat,No
85791521,363965,2024-06-23,26947.27,Deposit,Visakhapatnam,No
66988523,582757,2024-09-15,28388.67,Deposit,Hajipur,No
62087679,189352,2024-10-23,29027.87,Deposit,Muzaffarnagar,No
5785956,563306,2024-04-24,35330.36,Deposit,Anantapur,No
6286709,216544,2024-09-17,32432.81,Transfer,Chandrapur,No
87614324,659939,2024-03-05,49129.86,Withdrawal,Raebareli,No
77821808,310559,2024-12-23,24016.36,Withdrawal,Bhiwandi,No
36910574,290657,2024-04-13,17172.88,Deposit,Thrissur,No
22932347,676026,2024-09-19,29063.6,Withdrawal,Etawah,No
51958642,775160,2024-05-12,14530.79,Transfer,Amaravati,No
19658667,404536,2024-06-21,44412.91,Deposit,Darbhanga,No
56181164,424969,2024-09-10,49603.07,Withdrawal,Pali,No
12524731,848052,2024-11-02,10931.75,Withdrawal,Tirunelveli,No
69595923,931228,2024-04-24,36158.99,Transfer,Gorakhpur,No
24382424,942511,2024-10-30,46739.06,Withdrawal,Mango,No
71583791,171495,2024-09-17,11688.73,Deposit,Nellore,No
51758315,963391,2024-08-13,14690.55,Deposit,Jabalpur,No
12362298,801109,2024-05-11,32373.85,Deposit,Chandrapur,No
84412070,951360,2024-05-04,39354.02,Deposit,Karnal,No
61147870,149554,2024-08-12,43306.17,Withdrawal,Panihati,No
82505786,603650,2024-08-23,34735.09,Deposit,Dibrugarh,No
1206722,727653,2024-11-04,27140.42,Deposit,Sambalpur,No
76795180,447910,2024-09-23,31785.11,Withdrawal,Ghaziabad,No
43049780,275953,2024-11-05,4524.42,Withdrawal,Rewa,No
10726872,927322,2024-04-08,39711.95,Withdrawal,Sasaram,No
92375555,665101,2024-04-01,48341.07,Transfer,Haldia,No
51091951,514049,2024-04-11,41424.88,Transfer,Barasat,No
90504807,687140,2024-02-10,40742.13,Withdrawal,Baranagar,No
76582934,339154,2024-02-19,46800.0,Withdrawal,Dharmavaram,No
76449654,406915,2024-08-31,23991.78,Transfer,Bareilly,No
95960727,184895,2024-12-25,14321.44,Deposit,Gopalpur,No
71260150,179154,2024-01-31,35417.38,Withdrawal,Belgaum,No
35708978,98073,2024-04-03,27850.37,Transfer,Saharsa,No
14927951,99856,2025-01-02,46908.62,Deposit,Durgapur,No
92663259,847114,2024-12-12,46744.49,Withdrawal,Srikakulam,Yes
64971459,374300,2025-01-18,18660.09,Transfer,Bijapur,No
46238800,578666,2024-07-04,7415.09,Withdrawal,Belgaum,No
5325976,462703,2024-05-07,15173.9,Transfer,Mira-Bhayandar,No
16194407,919909,2024-09-07,32600.78,Transfer,Malegaon,No
58478820,149507,2024-05-16,27549.81,Transfer,Firozabad,No
81762382,366346,2024-02-23,33420.7,Withdrawal,Indore,No
46916262,218097,2024-04-06,13716.99,Transfer,Tiruchirappalli,No
64619950,419282,2025-01-02,21852.66,Withdrawal,Machilipatnam,No
38771179,738632,2024-11-25,2941.25,Transfer,Madhyamgram,No
56099575,485108,2024-11-16,1256.79,Deposit,Tiruppur,No
49165346,479505,2024-10-12,22263.63,Deposit,Akola,No
29504795,223091,2024-06-14,44633.37,Withdrawal,Bhalswa Jahangir Pur,No
32838340,857472,2024-04-14,32951.28,Withdrawal,Secunderabad,No
74019315,897229,2024-09-27,133.7,Withdrawal,Bhilwara,No
70455119,695719,2024-05-08,26658.02,Transfer,Cuttack,No
19951785,539438,2024-04-21,3220.05,Deposit,Kota,No
46744777,602984,2024-11-19,14763.07,Deposit,Kulti,No
66973238,960755,2024-02-10,28044.1,Deposit,Ambarnath,No
94104288,927322,2024-05-31,44234.14,Withdrawal,Panipat,No
23037970,526636,2024-11-12,5269.36,Withdrawal,South Dumdum,No
4071013,482339,2024-05-01,31518.68,Withdrawal,Pudukkottai,No
70778457,367333,2024-06-30,26232.91,Deposit,Vijayanagaram,No
33578328,510170,2024-07-16,39973.95,Withdrawal,Tiruvottiyur,No
9445896,143773,2024-05-21,39414.34,Deposit,Gorakhpur,No
38952173,896560,2024-05-04,29841.61,Deposit,Karimnagar,No
61572736,404536,2024-10-29,12930.02,Transfer,Thoothukudi,No
95038986,187922,2024-12-14,17030.85,Transfer,Noida,No
24194561,365201,2024-10-15,21758.87,Withdrawal,Kolhapur,No
51355500,799146,2024-04-21,20295.06,Transfer,Machilipatnam,No
14049692,904856,2024-09-13,18745.25,Deposit,Nanded,No
65438391,378988,2025-01-17,1455.79,Deposit,Chapra,No
62867439,560612,2024-12-21,21704.42,Deposit,Suryapet,No
49028875,444534,2024-08-12,2815.49,Withdrawal,Patiala,No
39385926,256929,2024-12-15,33238.11,Withdrawal,Ramgarh,No
36964120,839364,2024-05-20,45823.94,Withdrawal,Siliguri,No
62529669,483432,2024-02-14,23208.84,Withdrawal,Vadodara,No
22949682,886524,2024-07-17,38114.38,Withdrawal,Pondicherry,No
43115801,66502,2024-12-13,38611.92,Withdrawal,Alwar,No
22244973,133447,2024-10-25,31128.45,Withdrawal,Kavali,No
36281884,782067,2024-08-29,7261.02,Transfer,Khammam,No
62107266,712762,2025-01-14,32804.44,Withdrawal,Sambhal,No
53329051,815073,2024-11-26,47158.04,Transfer,Dhule,No
64530756,374930,2024-06-03,46691.3,Withdrawal,Tadepalligudem,No
1640799,907014,2025-01-03,23531.45,Transfer,Fatehpur,No
94079844,183075,2024-09-12,37571.23,Withdrawal,Sagar,No
92239321,419282,2024-08-13,5484.71,Deposit,Imphal,No
46861080,50594,2024-12-18,30899.32,Withdrawal,Srikakulam,No
42345278,680805,2024-05-02,32048.22,Withdrawal,Ahmedabad,No
20960103,307612,2024-08-20,20283.21,Deposit,Sambhal,No
21415188,363258,2024-01-22,32145.76,Withdrawal,Shivpuri,No
74047213,486971,2025-01-09,44835.56,Transfer,Bhatpara,No
6342592,578666,2024-03-01,16724.5,Withdrawal,Ahmedabad,No
1494475,532856,2024-09-05,39083.53,Transfer,Tiruvottiyur,No
5140268,919748,2024-10-21,34813.37,Withdrawal,Kavali,No
44017513,694924,2024-11-28,10796.31,Deposit,Tumkur,No
66987599,947935,2024-07-01,9958.52,Withdrawal,Agra,No
19438250,795443,2024-05-11,7198.75,Transfer,Firozabad,No
51166786,427156,2024-06-09,4431.57,Deposit,Varanasi,No
8322710,53140,2024-05-23,18216.37,Transfer,Kota,No
98868635,799146,2024-09-01,21938.33,Deposit,Kottayam,No
91846530,479958,2024-10-23,30514.13,Withdrawal,Ramagundam,Yes
36150567,9593,2024-03-02,36689.19,Deposit,Aurangabad,No
25692633,411343,2024-10-25,18625.24,Withdrawal,Sasaram,No
24421998,376085,2024-11-05,33741.0,Withdrawal,Sangli-Miraj & Kupwad,No
95480270,329704,2024-07-17,15594.29,Deposit,Rourkela,No
30999008,633832,2024-09-13,8978.75,Withdrawal,Bijapur,No
13050063,721438,2024-12-17,18347.81,Deposit,Thiruvananthapuram,No
93718891,454636,2024-10-12,7128.46,Withdrawal,Kanpur,No
33932058,157724,2024-03-08,31165.4,Transfer,Burhanpur,No
74370862,487313,2024-09-30,24729.46,Withdrawal,Adoni,No
11943739,540832,2024-03-29,18355.8,Deposit,Dehradun,No
87958755,140431,2024-08-31,30544.46,Withdrawal,Amaravati,No
36795911,559848,2024-11-28,41590.32,Deposit,Orai,No
19912654,574586,2024-04-27,22890.14,Withdrawal,Durgapur,No
4868132,568770,2024-05-07,24148.06,Deposit,Pallavaram,No
45416737,617151,2024-02-17,41460.23,Withdrawal,Siwan,No
76560385,311513,2024-05-11,13452.7,Transfer,Hubli–Dharwad,No
80027212,444534,2024-11-27,38857.14,Withdrawal,Pudukkottai,No
41014485,875809,2024-07-01,12467.12,Withdrawal,Darbhanga,No
2156548,569078,2024-02-05,42823.56,Withdrawal,Patiala,No
67410511,539438,2024-11-22,11555.54,Withdrawal,Kumbakonam,No
84424082,669600,2024-04-28,28663.83,Deposit,Ludhiana,No
48407379,515342,2024-11-23,5618.23,Transfer,Gorakhpur,No
42275404,902799,2024-12-31,27371.59,Transfer,Gurgaon,No
27270351,116558,2024-05-03,17577.81,Withdrawal,Karnal,No
20443766,132503,2024-07-29,41745.97,Withdrawal,Tiruppur,No
43507521,67681,2024-10-31,44754.13,Deposit,Muzaffarpur,No
337757,144066,2024-06-19,45085.36,Transfer,Coimbatore,No
26031215,880706,2024-12-20,29090.26,Withdrawal,Vadodara,No
14275571,457869,2024-05-12,32120.47,Deposit,Hindupur,No
934264,1756,2024-12-15,30332.53,Withdrawal,Latur,No
15450156,586281,2024-07-03,29567.47,Transfer,Panihati,No
20499924,412656,2024-02-20,238.03,Transfer,Hosur,No
70227105,907014,2024-12-10,11233.07,Withdrawal,Jaunpur,No
74105690,11012,2024-11-11,39570.11,Deposit,Erode,No
44059758,696961,2024-09-28,18416.31,Transfer,Vijayawada,No
96684746,671155,2024-07-23,14560.59,Withdrawal,Nagaon,No
15971728,664985,2024-09-07,20875.39,Deposit,Satna,No
25092842,92722,2024-12-16,17567.04,Deposit,Baranagar,No
18126829,107123,2024-03-30,6414.38,Deposit,Amritsar,No
32208117,727717,2024-05-06,23508.16,Deposit,Chittoor,No
95465837,31869,2024-07-27,37846.55,Withdrawal,Loni,No
67171804,332907,2024-06-30,28232.18,Transfer,Jehanabad,No
31513503,559848,2024-02-15,22260.73,Deposit,Chandrapur,No
30433646,482339,2024-08-01,40656.05,Deposit,Singrauli,No
50558647,316301,2024-06-06,41507.78,Transfer,Kottayam,No
54655028,366995,2024-03-25,26843.84,Withdrawal,Kharagpur,No
76826360,999088,2024-09-04,30271.87,Deposit,Kavali,No
28676896,963391,2024-07-13,30936.64,Withdrawal,Bulandshahr,No
45229207,533737,2024-02-10,27633.56,Withdrawal,Ramagundam,No
23108196,379747,2024-04-21,26395.06,Deposit,Kurnool,Yes
73546447,50462,2024-08-15,42733.9,Transfer,Sagar,No
11490488,433006,2024-12-03,32915.0,Withdrawal,Anand,No
99363870,722964,2024-05-07,3966.07,Withdrawal,Panihati,No
45897999,749682,2024-12-09,44771.74,Deposit,Dhanbad,No
83735184,551903,2024-04-18,21019.91,Withdrawal,Madurai,No
22801164,853028,2024-09-23,19152.54,Transfer,Jorhat,No
56000331,129587,2024-12-05,43274.97,Withdrawal,Raurkela Industrial Township,No
61462121,748416,2024-10-12,49719.11,Deposit,Aurangabad,No
13194107,143773,2024-12-03,38681.05,Withdrawal,Guwahati,No
80729844,861441,2024-01-28,2371.85,Withdrawal,Durgapur,No
86480039,177424,2024-11-22,8325.09,Withdrawal,Mirzapur,No
93141250,462703,2024-10-31,29236.25,Withdrawal,South Dumdum,No
95672939,807209,2024-02-29,17351.69,Withdrawal,Anand,No
18669856,979586,2024-11-02,42886.95,Withdrawal,Ramgarh,No
49439742,308780,2024-11-18,6369.82,Deposit,Orai,No
50997045,407152,2024-05-21,29126.79,Withdrawal,Ramagundam,No
76094675,218097,2024-06-14,25543.96,Withdrawal,Amravati,No
13102435,348557,2024-07-16,4048.41,Withdrawal,Ambarnath,No
39727839,382801,2024-02-19,6212.38,Transfer,Satara,Yes
12191001,67681,2024-06-09,45824.04,Transfer,Tezpur,No
1320657,854512,2024-11-19,12858.2,Withdrawal,Nanded,No
31899950,931961,2025-01-15,23898.26,Deposit,Vadodara,No
89982358,141161,2024-02-15,23086.73,Withdrawal,Sagar,No
26093812,917367,2024-02-28,8550.62,Deposit,Bardhaman,No
53873313,373759,2024-08-05,15434.44,Deposit,Moradabad,No
77394076,309021,2024-04-21,7147.71,Withdrawal,Tiruvottiyur,No
29466949,168594,2024-05-06,4137.19,Transfer,Kozhikode,No
33934008,765169,2024-02-14,7209.25,Deposit,Gandhidham,No
38635637,470885,2024-02-22,20056.89,Withdrawal,Hubli–Dharwad,No
76086584,111050,2024-04-30,36304.46,Deposit,Agartala,No
7520834,612530,2024-06-09,31449.38,Deposit,Deoghar,No
21998787,468075,2024-07-13,28562.31,Withdrawal,Kanpur,No
18344162,892278,2024-12-14,25589.28,Withdrawal,Deoghar,No
95232860,487313,2024-08-31,20952.45,Withdrawal,Sonipat,No
66803543,404334,2024-04-01,5956.84,Deposit,Alappuzha,No
81855634,727653,2024-09-29,16508.29,Deposit,Ichalkaranji,No
95872976,598741,2024-10-13,2855.1,Transfer,Pudukkottai,No
27130861,179154,2025-01-12,28393.1,Deposit,Sangli-Miraj & Kupwad,No
23763825,986045,2024-10-19,43370.51,Transfer,Tirupati,No
1721853,582514,2024-08-09,17963.55,Withdrawal,Medininagar,No
23450918,181664,2024-10-13,32688.82,Withdrawal,Panchkula,No
57982492,902799,2024-04-24,24904.74,Deposit,Kota,No
97228658,494523,2024-06-26,17752.17,Deposit,Panchkula,No
16253736,578666,2024-03-15,8214.59,Transfer,Vadodara,Yes
74666990,168594,2024-08-08,7731.22,Withdrawal,Sri Ganganagar,No
52786208,208842,2024-05-22,2850.78,Withdrawal,Mumbai,No
38088796,343004,2024-06-28,30678.51,Deposit,Medininagar,Yes
35252172,790134,2024-03-12,42154.28,Withdrawal,Bhimavaram,No
70919729,582514,2024-08-31,367.75,Withdrawal,Raebareli,No
43820432,499342,2024-03-13,29632.27,Transfer,Hajipur,No
96736430,676535,2024-05-20,46959.59,Transfer,Pallavaram,No
60309961,184895,2024-02-14,40416.04,Deposit,Jhansi,No
6180726,46388,2024-10-11,38033.42,Withdrawal,Ajmer,No
36527487,676026,2024-11-15,6406.45,Transfer,Khandwa,No
44244687,948212,2024-09-11,43122.51,Deposit,Vadodara,No
5182142,320868,2024-07-04,7643.34,Transfer,Hyderabad,No
77220652,168574,2024-11-27,32403.71,Transfer,Belgaum,No
67415621,166609,2024-10-06,16597.57,Transfer,Malegaon,No
65853965,391349,2024-08-30,43204.61,Transfer,Madhyamgram,No
31461908,413823,2024-10-11,32476.34,Deposit,Alappuzha,No
18957194,687140,2024-10-31,35782.95,Deposit,Tezpur,No
26462721,76076,2024-08-10,27446.6,Deposit,Meerut,No
77801724,919909,2024-09-12,37246.89,Withdrawal,Ludhiana,No
58270876,650035,2024-08-27,24614.97,Withdrawal,Ahmednagar,No
26363774,634324,2024-08-30,24733.78,Deposit,Bhind,No
16089030,395838,2024-07-05,31808.12,Deposit,Parbhani,No
63042734,73008,2024-09-28,44574.44,Transfer,Berhampur,No
40344102,371804,2024-06-04,5976.34,Deposit,Saharsa,No
65954751,655370,2024-02-17,19711.78,Transfer,Satara,No
13741592,416909,2024-03-09,46446.19,Deposit,Ichalkaranji,No
55115159,976465,2024-09-10,36539.41,Withdrawal,Jalna,No
98145210,444939,2024-10-26,1142.85,Deposit,Sri Ganganagar,No
58441663,680805,2024-08-22,6033.34,Withdrawal,Meerut,No
98774589,510846,2024-08-24,28455.75,Withdrawal,Buxar,No
74390452,670950,2024-06-28,49958.36,Withdrawal,Ajmer,No
44456980,337573,2024-03-08,29026.95,Deposit,Tinsukia,Yes
34923816,775160,2024-12-26,33062.68,Withdrawal,Rourkela,No
44498939,289384,2024-02-02,31612.53,Deposit,Ramagundam,No
84171837,73932,2024-05-01,32080.26,Deposit,Avadi,No
96599445,47550,2024-04-27,20113.05,Withdrawal,Amravati,No
57486149,406915,2024-06-07,44038.55,Deposit,Satna,No
64469454,903423,2024-12-12,6048.74,Withdrawal,Jorhat,No
96226417,792976,2024-07-02,11793.43,Transfer,Bhimavaram,No
57355627,951495,2024-09-10,22660.82,Withdrawal,Howrah,No
94239492,238360,2024-06-04,4425.63,Deposit,Khora ,No
10620468,650483,2025-01-14,1441.67,Withdrawal,Tadepalligudem,No
56170886,176141,2024-07-12,4438.75,Deposit,Dehri,No
58447869,391681,2024-02-12,417.28,Deposit,Tiruppur,No
1574782,898677,2024-05-30,22250.48,Deposit,Rewa,No
96869217,116558,2024-05-15,3833.95,Transfer,Raebareli,No
85233249,903323,2024-09-23,23437.01,Deposit,Ahmedabad,No
59788380,171495,2024-04-16,31909.73,Deposit,Sangli-Miraj & Kupwad,No
59675444,687140,2024-03-24,49849.86,Deposit,Alappuzha,No
92259400,620181,2024-02-03,1058.58,Withdrawal,Ambarnath,No
31064581,3852,2024-07-03,1654.4,Withdrawal,Bhavnagar,No
62063207,19689,2024-04-20,35801.89,Transfer,Mangalore,No
56570642,951360,2024-11-14,43742.31,Transfer,Katihar,No
71720246,47550,2024-08-22,40875.49,Deposit,Hindupur,No
56793829,583301,2024-06-02,14156.95,Withdrawal,Khandwa,Yes
6628135,676026,2024-05-24,7245.81,Deposit,Baranagar,No
61009456,947935,2024-12-12,3471.78,Withdrawal,Shimla,No
26907282,770176,2024-06-17,46373.92,Deposit,Uluberia,No
32092034,75479,2024-11-06,40505.76,Withdrawal,Karimnagar,No
27889624,80920,2024-10-21,21404.02,Transfer,Ramgarh,No
5281095,258996,2024-11-17,39214.95,Deposit,Mango,No
36855746,449588,2024-09-23,33053.31,Withdrawal,Ambarnath,No
79636205,727653,2024-05-19,13717.08,Transfer,Jabalpur,No
52586310,462703,2024-07-07,27160.0,Deposit,Gopalpur,No
61637197,673366,2024-09-06,12512.18,Withdrawal,Sagar,No
67003925,747778,2024-05-09,5419.79,Transfer,Mumbai,No
92434515,719723,2024-03-30,13963.07,Withdrawal,Amroha,No
17978000,555455,2024-06-12,4150.35,Deposit,Kollam,No
85933296,102906,2024-04-09,47151.74,Transfer,Jamnagar,No
50425587,53140,2024-02-21,21167.98,Deposit,Amritsar,No
79050954,919748,2024-08-19,25300.89,Transfer,Tirunelveli,No
19526729,50094,2024-06-12,8712.56,Transfer,Khora ,No
89307430,102906,2024-07-30,29869.38,Deposit,Raiganj,No
94654241,966208,2024-10-09,34499.34,Deposit,Jehanabad,No
75680402,479958,2025-01-07,18696.88,Transfer,Sri Ganganagar,No
81457987,791446,2024-02-29,48090.51,Deposit,Jammu,No
3725,694924,2024-09-14,21059.19,Deposit,Muzaffarnagar,No
26285550,735380,2024-05-05,7791.86,Deposit,Mirzapur,No
46625253,848052,2024-02-28,32787.55,Deposit,Bhatpara,No
89731276,995935,2024-10-29,27364.25,Transfer,Alwar,No
1026883,905556,2024-05-18,18584.74,Withdrawal,Ludhiana,No
89307428,125097,2024-07-16,36921.69,Deposit,Ambala,No
46680219,226634,2024-10-01,9857.9,Withdrawal,Nadiad,No
66392636,801107,2024-05-22,38930.77,Deposit,Katihar,No
79934230,840076,2024-09-24,24454.71,Deposit,Bahraich,No
43243777,781435,2024-06-10,47518.06,Deposit,Sikar,No
60965234,886524,2024-04-13,20833.92,Withdrawal,Tirupati,No
55818917,37251,2024-10-10,47482.41,Withdrawal,Davanagere,No
33088852,857472,2024-05-26,35171.45,Withdrawal,Nagpur,No
27275184,959152,2024-10-21,32322.54,Transfer,Kurnool,Yes
51497617,825065,2024-10-18,26338.44,Deposit,Bareilly,No
85656318,200085,2024-06-16,1513.18,Withdrawal,Serampore,No
92881951,957390,2024-04-25,21728.53,Deposit,Pallavaram,No
83387249,723212,2024-08-10,784.2,Transfer,Tadipatri,No
81348536,316301,2024-10-04,8731.59,Deposit,Rewa,No
96799726,748548,2024-02-23,35426.46,Deposit,Bareilly,No
69407752,200614,2024-11-15,21423.55,Transfer,Pondicherry,No
78359333,178390,2024-11-11,19652.25,Transfer,Nashik,No
37416372,348557,2024-11-06,19681.16,Transfer,Etawah,No
10533760,623346,2024-03-03,30155.56,Deposit,Purnia,No
78896816,421853,2024-06-02,46856.62,Transfer,Howrah,No
61968699,709727,2024-07-15,20449.43,Transfer,Shahjahanpur,No
39190300,673366,2024-07-10,14592.63,Withdrawal,Hosur,No
93238589,960755,2024-11-26,24698.07,Withdrawal,Bhilai,No
5343317,423408,2025-01-04,15962.44,Withdrawal,Rewa,No
2924591,56534,2024-11-27,37382.23,Transfer,Tadipatri,No
99101383,609664,2024-04-17,17238.96,Deposit,Dewas,No
13984462,468075,2024-10-05,6240.82,Transfer,Karaikudi,No
50709027,618250,2024-09-15,2527.82,Withdrawal,Barasat,No
61340237,573938,2024-09-15,33860.16,Deposit,Nandyal,No
53770037,31433,2024-05-15,48604.16,Withdrawal,Jalgaon,No
34831017,713573,2024-03-18,2697.16,Deposit,Gwalior,No
11627584,726908,2024-07-15,33765.79,Deposit,Durgapur,No
97958246,633832,2024-11-13,29184.17,Withdrawal,Panvel,No
50565677,411463,2024-10-27,46545.74,Deposit,Guwahati,No
54853729,4821,2024-07-07,28974.43,Withdrawal,Mahbubnagar,No
10263462,404536,2024-09-09,10707.54,Deposit,Bhalswa Jahangir Pur,No
43508677,850481,2024-05-30,6948.47,Transfer,Navi Mumbai,No
18615405,687140,2024-07-22,48830.3,Transfer,Agra,No
91600439,231338,2024-09-23,4030.16,Transfer,Bally,No
50044349,75697,2024-10-14,46192.22,Deposit,Jabalpur,No
99776603,193796,2024-11-22,47722.37,Deposit,Raurkela Industrial Township,No
51431849,115448,2024-08-10,2531.59,Deposit,Ambala,No
83623194,748548,2024-05-11,46440.75,Deposit,Dehradun,Yes
47752226,709972,2024-09-25,47638.09,Withdrawal,Jammu,No
50289240,316322,2024-09-22,36655.65,Transfer,Ambattur,No
42078252,491486,2024-12-13,37598.45,Withdrawal,Pimpri-Chinchwad,No
3300740,168594,2024-03-29,45390.82,Transfer,Kumbakonam,No
63462395,365397,2024-06-14,17336.75,Withdrawal,Yamunanagar,No
56498616,971810,2024-06-11,338.75,Transfer,Serampore,No
41744231,580471,2024-03-15,20996.05,Transfer,Etawah,No
34870941,120568,2024-06-06,42221.31,Withdrawal,Srikakulam,No
49800299,810347,2024-05-18,37969.18,Withdrawal,Nashik,No
30289325,324196,2024-01-31,8228.18,Withdrawal,Visakhapatnam,No
66677968,3852,2024-09-24,21144.39,Deposit,Thiruvananthapuram,No
61650331,732854,2024-08-25,32479.95,Withdrawal,Rohtak,No
91011263,160690,2024-06-22,29701.61,Transfer,Panipat,No
3054913,6116,2024-02-20,29208.47,Deposit,Bhopal,No
22567184,880706,2024-03-14,46718.8,Transfer,Dehradun,No
96968004,159600,2024-01-31,34182.71,Withdrawal,Amroha,No
5523724,909901,2024-09-03,41587.34,Transfer,Raipur,No
63351246,418319,2024-03-16,36259.28,Transfer,Bhiwani,No
77643971,231338,2024-09-12,41290.94,Withdrawal,Bhusawal,No
1217957,614247,2024-04-04,32483.28,Deposit,Chennai,No
6071327,510170,2024-05-30,48893.48,Deposit,Ahmedabad,No
1020700,576276,2024-10-04,540.88,Deposit,Bhagalpur,No
5763276,416909,2024-10-29,19889.91,Transfer,Amritsar,No
49865118,712739,2024-09-25,6223.27,Withdrawal,Aurangabad,No
97615874,171158,2024-06-02,38327.16,Withdrawal,Durgapur,No
76529147,11195,2024-07-30,43923.99,Transfer,Shahjahanpur,No
25720069,623346,2024-04-01,8721.97,Transfer,Sikar,No
26652405,53049,2024-04-23,7563.53,Deposit,Alappuzha,No
76743241,76076,2024-12-09,29011.62,Transfer,Naihati,No
72969500,271714,2024-12-14,30775.62,Deposit,Etawah,No
39042054,305842,2024-02-19,38412.12,Deposit,Patiala,No
82881936,648167,2024-04-11,47846.65,Withdrawal,Sasaram,No
64096035,951824,2024-06-27,18839.67,Deposit,Eluru,Yes
43362330,56534,2024-09-21,22029.81,Transfer,Singrauli,No
2022839,827942,2024-07-20,35067.47,Withdrawal,Sonipat,No
73474210,149554,2024-01-31,34636.7,Withdrawal,Bijapur,No
61164304,889455,2024-09-11,10465.17,Transfer,Satara,No
31444555,813290,2024-10-29,45779.06,Transfer,Chandrapur,No
75847823,976465,2024-12-18,28994.64,Transfer,Satna,No
40117042,239514,2024-01-29,31892.41,Withdrawal,Munger,No
36173498,284103,2024-06-09,12927.3,Transfer,Nagpur,No
11412759,89301,2024-02-17,759.4,Transfer,Parbhani,No
27843230,162379,2024-04-18,19092.91,Transfer,Moradabad,No
17739358,132503,2024-05-16,21601.72,Deposit,Madhyamgram,No
41038127,470885,2024-11-22,46753.12,Transfer,Kamarhati,No
72172636,735380,2024-08-04,15283.82,Withdrawal,Korba,No
84900413,667184,2024-06-23,24860.29,Withdrawal,Sasaram,No
58561338,140431,2024-05-23,9354.56,Withdrawal,Rajahmundry,Yes
73329202,815433,2024-03-15,12550.05,Withdrawal,Salem,No
83829315,320868,2024-10-09,35342.83,Withdrawal,Agartala,No
41308558,972958,2025-01-09,47139.37,Deposit,Sri Ganganagar,No
78586790,11012,2024-07-26,29384.08,Transfer,Jalandhar,No
68100944,877215,2024-08-21,44550.12,Deposit,Thane,No
4169838,497496,2024-09-20,24905.42,Deposit,Kochi,No
35136014,869036,2024-03-02,26954.31,Withdrawal,Ambattur,No
49664968,277368,2025-01-14,10099.55,Transfer,Panipat,No
34164361,508967,2024-11-18,44880.4,Transfer,Medininagar,No
9742458,493632,2024-06-07,48146.68,Withdrawal,Madhyamgram,No
58515016,763127,2024-11-05,15965.65,Withdrawal,Firozabad,No
17328283,320373,2024-11-16,10619.82,Withdrawal,Raiganj,No
54594266,795443,2024-11-28,12184.65,Withdrawal,South Dumdum,No
450462,89301,2024-11-15,33203.31,Deposit,Warangal,No
37015554,581311,2024-02-17,2985.02,Deposit,Mysore,No
19547978,165641,2024-09-17,12531.27,Withdrawal,Gaya,No
34140504,669095,2024-06-29,10949.33,Withdrawal,Parbhani,No
12913506,491486,2024-02-28,32379.53,Deposit,Giridih,No
36828463,22727,2024-01-30,8263.36,Transfer,Bhagalpur,No
65218616,73127,2024-09-06,7960.96,Transfer,Jalandhar,No
50807731,193796,2024-10-11,8899.56,Withdrawal,Thiruvananthapuram,No
4894400,257199,2024-05-08,45985.46,Transfer,Bidar,No
96860896,65025,2024-06-21,12287.72,Withdrawal,Deoghar,No
88105866,543970,2024-12-03,27650.82,Transfer,Ranchi,No
87888092,494523,2024-07-01,26952.17,Withdrawal,Thanjavur,No
41702776,77748,2024-03-24,22973.5,Transfer,Dharmavaram,No
49303144,314515,2024-08-13,34633.08,Deposit,Udupi,Yes
68341222,90686,2024-07-22,31796.79,Withdrawal,Morbi,No
42956639,183163,2024-12-06,12493.64,Withdrawal,Bathinda,No
93385664,107770,2024-12-20,23347.61,Withdrawal,Madurai,No
90603319,319210,2024-03-21,2907.74,Transfer,Machilipatnam,No
6246422,80920,2024-02-23,24349.21,Transfer,Haridwar,No
64715472,149554,2024-03-13,5039.26,Transfer,Guntakal,No
19004112,709972,2024-05-21,29570.33,Withdrawal,Patna,Yes
1818607,889455,2024-09-13,33339.78,Deposit,Varanasi,No
85575375,290657,2024-04-11,22047.99,Deposit,Etawah,No
99494017,189638,2024-01-21,48032.05,Withdrawal,Pondicherry,No
5041082,170666,2024-11-28,7178.88,Withdrawal,Mysore,No
34713896,19689,2024-01-21,35069.41,Transfer,Bikaner,Yes
52091043,249047,2024-10-16,20144.23,Deposit,Bokaro,No
89804632,427156,2024-02-26,16074.07,Deposit,Mango,No
2567273,59310,2024-05-27,42261.3,Deposit,Sri Ganganagar,No
93771722,694707,2024-02-09,8586.43,Deposit,Khammam,No
20721800,931228,2024-12-29,28912.51,Deposit,Berhampore,No
55024900,583301,2024-02-13,15620.49,Transfer,Bidhannagar,No
34325407,586281,2024-08-19,25477.04,Transfer,Rajkot,Yes
12557719,799146,2024-04-11,22869.17,Withdrawal,Bhilai,No
81005092,536358,2024-03-10,40591.27,Withdrawal,Junagadh,No
12092181,660587,2024-02-22,19063.84,Withdrawal,Bokaro,No
13994480,753805,2024-06-20,1140.3,Transfer,Bhiwandi,No
28448741,971810,2024-09-07,27640.8,Withdrawal,Kurnool,No
91085202,283017,2024-12-11,5250.01,Withdrawal,Vijayawada,No
43469809,538409,2024-03-24,42686.7,Deposit,Silchar,No
12320528,337688,2024-03-14,25678.35,Withdrawal,Rajahmundry,No
39239089,422077,2025-01-01,17192.09,Transfer,Panihati,No
44064644,862255,2024-01-29,34096.36,Withdrawal,Fatehpur,No
38843871,642434,2024-07-13,24197.34,Withdrawal,Barasat,No
19721439,150776,2024-09-14,36857.8,Transfer,Latur,No
76003470,62326,2024-04-19,20669.38,Deposit,Hindupur,No
94296855,125097,2024-07-20,26974.57,Transfer,Kollam,No
66203728,786045,2024-08-19,29795.37,Deposit,Malegaon,No
57985629,149771,2024-11-30,26195.58,Withdrawal,Khora ,No
31112388,72518,2024-03-13,47770.13,Deposit,Alwar,No
6757246,170881,2024-05-04,45673.24,Withdrawal,Shimla,No
3723713,157724,2024-03-29,35991.81,Deposit,Bulandshahr,No
23995027,222738,2024-09-22,1431.49,Transfer,Maheshtala,No
81184408,870714,2024-03-31,28760.82,Deposit,Kozhikode,No
54775780,982733,2025-01-03,33436.67,Transfer,Davanagere,No
13965831,138953,2024-11-16,47665.77,Withdrawal,Amravati,No
29358083,411756,2024-10-04,33031.0,Withdrawal,Secunderabad,No
76153764,67681,2024-09-17,10729.03,Withdrawal,Erode,No
48622811,157724,2024-03-28,10271.9,Withdrawal,Solapur,No
53314654,483432,2024-03-10,39100.35,Withdrawal,Haridwar,No
37378099,171495,2024-08-26,4243.47,Withdrawal,Purnia,No
70100399,730898,2024-04-02,43017.69,Withdrawal,Ulhasnagar,Yes
85683371,4821,2024-04-08,22234.94,Withdrawal,Alwar,No
2418806,614404,2024-03-20,9546.84,Withdrawal,South Dumdum,No
42105785,460385,2024-06-09,16731.06,Withdrawal,Jamalpur,No
1112558,898219,2024-01-31,12636.83,Withdrawal,Panchkula,No
65345866,463080,2024-03-21,15519.85,Withdrawal,Satara,No
38400581,569078,2024-04-10,47899.94,Withdrawal,Vasai-Virar,No
8215119,780107,2025-01-01,4905.27,Deposit,Akola,No
81446961,298042,2024-09-28,24766.87,Deposit,Motihari,No
59748128,775160,2024-07-10,35987.38,Withdrawal,Raipur,No
97405105,292717,2024-08-01,9526.9,Withdrawal,Anantapur,No
50941753,583214,2024-02-13,2824.16,Transfer,Vijayanagaram,No
53225608,316322,2024-11-06,24802.43,Transfer,Shahjahanpur,No
10915024,404334,2024-10-30,11146.82,Withdrawal,Ahmednagar,No
55537357,213996,2024-07-24,1876.63,Transfer,Mumbai,No
81224515,659483,2024-06-28,29528.61,Withdrawal,Jammu,No
45778827,181664,2024-12-27,35649.92,Deposit,Mysore,No
77317421,348557,2024-06-22,31978.0,Transfer,Fatehpur,No
87150778,557017,2024-06-08,13084.28,Deposit,Morbi,No
13356291,25229,2024-09-08,37081.81,Deposit,Imphal,No
58627238,557861,2024-02-23,6442.01,Withdrawal,Bhubaneswar,No
3681398,931765,2024-05-24,37072.42,Transfer,Dindigul,No
18756165,268729,2024-06-17,19948.36,Withdrawal,Sambhal,No
45984342,583166,2024-10-20,2608.89,Transfer,Chapra,Yes
5918369,840250,2024-12-23,493.26,Withdrawal,Sangli-Miraj & Kupwad,No
10350531,555455,2024-07-15,7357.43,Withdrawal,Bhimavaram,No
91247351,289384,2024-03-16,21341.09,Deposit,Panchkula,No
20190337,423408,2024-03-09,2217.58,Transfer,Surat,No
1602862,748548,2024-04-09,38186.23,Transfer,Varanasi,No
18285264,460385,2024-07-21,10180.66,Transfer,Sangli-Miraj & Kupwad,No
88348874,536358,2024-06-19,1045.38,Transfer,Khandwa,No
61474916,305842,2024-08-30,42121.2,Withdrawal,Agartala,No
17926915,827942,2024-10-05,6094.7,Withdrawal,Danapur,No
16192473,838231,2024-11-01,20027.06,Deposit,Mira-Bhayandar,No
14716271,983561,2024-05-04,14574.5,Transfer,Bhusawal,No
98894504,305842,2024-05-09,28584.15,Deposit,Vadodara,No
74867422,696961,2024-06-16,17346.75,Withdrawal,Warangal,No
80007028,696961,2024-01-29,8211.2,Withdrawal,Singrauli,No
73718548,951495,2024-01-26,5063.05,Withdrawal,Coimbatore,No
31528159,73932,2025-01-04,39108.08,Transfer,Mango,No
31524253,623346,2024-11-11,47380.65,Deposit,Aizawl,No
40875767,294479,2024-09-18,4549.25,Deposit,Gandhidham,No
7199237,363220,2024-09-01,36859.29,Deposit,Hubli–Dharwad,No
55256491,111050,2024-02-11,7928.11,Withdrawal,Bhavnagar,No
82678552,642434,2024-07-18,43867.07,Transfer,Darbhanga,No
32468488,58471,2024-09-26,19720.63,Transfer,Bellary,No
27497495,564322,2024-05-12,27512.38,Withdrawal,Sikar,No
50044307,764524,2024-05-18,14964.77,Withdrawal,Durgapur,No
56916544,560612,2024-03-17,21661.41,Transfer,Delhi,No
56057712,47595,2024-06-30,6049.29,Transfer,Tezpur,No
63954579,884582,2024-05-22,521.23,Transfer,Silchar,No
89762144,502987,2024-10-27,26638.37,Deposit,Ambattur,No
18341920,985964,2025-01-17,44435.18,Deposit,Bhimavaram,No
33719536,742762,2024-05-12,44470.3,Withdrawal,Rampur,No
26265826,337573,2024-07-15,6325.92,Deposit,Vijayanagaram,No
95079778,518005,2024-02-05,27931.18,Withdrawal,Parbhani,No
96432706,83521,2024-11-22,14870.95,Withdrawal,Pallavaram,No
87012737,256929,2024-06-09,27212.01,Deposit,Jalna,No
36246759,214197,2024-10-04,5698.92,Withdrawal,Ahmedabad,No
4818576,141739,2024-06-27,29035.48,Deposit,Bikaner,No
26647249,87647,2024-06-20,5310.12,Withdrawal,Sambalpur,No
44200197,948231,2024-08-03,47336.61,Deposit,Siwan,No
74943478,418330,2024-03-11,20491.05,Withdrawal,Chapra,No
29537114,490903,2024-09-16,44015.33,Deposit,Kadapa,No
96086810,704783,2024-04-08,24193.31,Transfer,Kottayam,No
36808165,359006,2024-02-25,19493.38,Transfer,Dharmavaram,No
41458054,479505,2024-01-26,31982.87,Withdrawal,Nizamabad,No
58997884,616801,2024-11-01,7439.3,Transfer,Ramagundam,No
81556076,673274,2024-08-04,43690.34,Withdrawal,Guntakal,No
8911037,581311,2024-07-18,5512.61,Transfer,Jaunpur,No
57163615,981159,2024-12-06,32927.95,Deposit,Dhule,No
17983954,767638,2024-05-29,40915.49,Withdrawal,Gangtok,No
58134406,271714,2024-12-31,5762.6,Transfer,Sirsa,No
14649534,732777,2024-03-09,4819.21,Transfer,Warangal,No
56594629,151323,2024-08-13,47782.97,Transfer,Udaipur,No
2054843,902799,2024-09-29,19550.99,Deposit,Asansol,No
53259865,995860,2024-12-18,2755.71,Deposit,Madhyamgram,No
43214054,251981,2024-08-30,39089.4,Deposit,Ratlam,No
37754588,491486,2024-01-23,8826.56,Withdrawal,Ujjain,No
45706852,555525,2024-05-08,11220.16,Transfer,Anantapuram,No
14347062,6116,2024-03-05,23992.75,Deposit,Alwar,No
81153772,92722,2024-05-23,26187.28,Withdrawal,Kadapa,No
45523835,382801,2024-12-17,19347.37,Deposit,Silchar,No
69128204,7593,2024-09-19,25054.01,Withdrawal,South Dumdum,No
22725079,673366,2024-07-15,16278.4,Deposit,Srinagar,No
2006136,499342,2024-04-21,40893.34,Withdrawal,Dharmavaram,No
52378546,551903,2024-10-06,4179.04,Deposit,Tiruchirappalli,No
39032,140431,2025-01-16,47149.01,Deposit,Kochi,No
4595564,882266,2024-07-09,163.13,Withdrawal,Bettiah,No
97798874,126597,2024-07-27,26417.28,Deposit,Jehanabad,No
15582381,282576,2024-09-19,27968.22,Deposit,Medininagar,No
65061828,136374,2024-10-01,28400.8,Transfer,Durg,No
83451810,365189,2024-04-20,17704.16,Withdrawal,Guna,No
73148423,780153,2024-04-09,49163.92,Withdrawal,Salem,No
63160003,200614,2024-12-17,44950.84,Deposit,Davanagere,No
48322710,283017,2024-06-25,9497.2,Withdrawal,Belgaum,No
51406720,310559,2024-03-02,41321.14,Deposit,Mira-Bhayandar,No
70752551,690037,2024-06-01,42612.11,Deposit,Gudivada,No
33037185,939786,2024-05-01,28824.5,Transfer,Anantapuram,No
88969610,969177,2024-07-26,26532.05,Deposit,Machilipatnam,No
83807166,695719,2024-05-15,40088.94,Transfer,Amroha,No
19785825,72518,2024-09-04,26146.14,Transfer,Hazaribagh,No
64309351,37036,2024-06-10,3768.53,Transfer,Akola,No
63646838,832907,2024-12-26,45819.59,Transfer,Hyderabad,No
71479029,665630,2024-04-15,32654.47,Withdrawal,Jamshedpur,No
78673963,305842,2024-04-19,40203.94,Withdrawal,Mysore,No
34056821,367333,2024-12-20,39881.13,Transfer,Sangli-Miraj & Kupwad,No
8190117,322990,2024-07-13,8753.56,Transfer,Bhiwandi,No
61097946,993671,2024-07-06,36331.59,Withdrawal,Asansol,No
50496454,483432,2024-07-14,24349.01,Deposit,Dhule,No
10840320,468075,2024-07-05,20415.81,Deposit,Nagercoil,No
2019054,983561,2024-10-10,35250.22,Transfer,Gurgaon,Yes
77711970,401224,2024-07-12,45341.58,Withdrawal,Mirzapur,No
44108104,299035,2024-09-26,24903.96,Deposit,Anantapuram,No
92825019,400193,2024-04-21,33786.63,Withdrawal,Hosur,No
57454055,110809,2024-10-01,38536.58,Deposit,Bhalswa Jahangir Pur,No
2675652,747778,2024-05-31,24238.86,Transfer,Arrah,No
25871895,580801,2025-01-07,17788.18,Transfer,Muzaffarnagar,No
43401069,109782,2024-07-25,3940.74,Transfer,Nagaon,No
89719592,404536,2024-07-29,29889.52,Deposit,Bhubaneswar,No
67322751,479958,2024-02-04,39538.17,Withdrawal,Bally,No
59809215,149507,2024-09-09,41022.74,Deposit,Anantapuram,No
71450040,366995,2024-06-02,41435.6,Transfer,Udaipur,No
34150105,773797,2024-02-29,9728.79,Transfer,Bhiwani,No
15229865,570829,2024-10-15,32994.99,Withdrawal,Bhavnagar,No
99793268,69800,2024-12-31,7265.05,Deposit,Meerut,No
47065684,270006,2024-10-04,10012.02,Transfer,Mira-Bhayandar,No
98419458,462703,2024-08-21,17343.41,Withdrawal,Chandigarh,No
76963552,332907,2024-08-20,10859.52,Deposit,Asansol,No
85443362,720809,2024-06-08,21645.49,Withdrawal,Secunderabad,No
9239727,904856,2025-01-13,44890.34,Deposit,Gudivada,No
73747199,329017,2025-01-07,10172.87,Transfer,Vadodara,Yes
60919180,436797,2025-01-14,46958.57,Transfer,Bhopal,No
22335975,107123,2024-04-04,27458.75,Transfer,Ambarnath,No
65374317,543970,2024-04-02,36527.35,Deposit,Kota,No
96319087,31869,2024-03-05,43163.97,Deposit,Ahmedabad,Yes
61093571,634324,2024-11-23,49457.85,Transfer,Purnia,No
93857738,166609,2024-08-10,38549.18,Deposit,Karimnagar,No
9779162,234415,2024-10-15,47234.76,Deposit,Thane,No
81301939,844183,2024-05-29,12331.49,Deposit,Mangalore,No
61121592,225297,2024-04-15,14892.84,Withdrawal,Amroha,No
67200371,330547,2024-08-06,22410.35,Deposit,Ghaziabad,No
70191098,118426,2024-05-08,39882.99,Transfer,Madurai,No
86948717,780153,2024-01-30,10567.89,Transfer,Pimpri-Chinchwad,Yes
34042931,764524,2024-05-03,30275.93,Deposit,Kottayam,Yes
31841310,955563,2024-11-01,3272.39,Withdrawal,Malda,No
77054810,711725,2024-05-10,35022.03,Withdrawal,Amritsar,No
36779099,726908,2024-09-01,22669.2,Transfer,Jalandhar,No
86978770,795443,2024-08-14,47371.37,Transfer,Avadi,No
25625244,171097,2024-02-25,41256.93,Transfer,Bhimavaram,No
58936801,637119,2024-04-15,19514.99,Deposit,Jamalpur,No
45219392,254259,2024-02-10,20556.03,Deposit,Hospet,No
72638189,487313,2024-07-19,28788.82,Deposit,Jaipur,No
73053575,568770,2024-06-28,13759.62,Transfer,Bhusawal,No
80065125,368508,2024-07-23,19014.02,Deposit,Hazaribagh,No
59162139,238360,2025-01-18,13627.21,Withdrawal,Imphal,No
71259904,554711,2024-06-04,45544.38,Transfer,Srikakulam,No
35295864,617231,2024-05-10,13383.41,Deposit,Varanasi,No
42266746,735380,2024-03-21,24252.77,Withdrawal,Thrissur,No
30880730,363268,2024-03-16,1816.92,Transfer,Solapur,No
67771962,928970,2024-02-05,8541.14,Withdrawal,Jamalpur,No
8577425,736200,2024-05-17,39663.43,Transfer,Miryalaguda,No
91567268,468650,2024-02-26,21951.6,Transfer,Jammu,No
85100424,486502,2024-08-17,46558.42,Deposit,Raurkela Industrial Township,No
60898831,425987,2024-10-02,12618.27,Transfer,Ozhukarai,No
38116240,605793,2024-05-24,48368.6,Withdrawal,Aurangabad,No
81264369,488252,2024-01-22,28800.19,Deposit,Dewas,No
14178286,327405,2024-10-15,13663.12,Deposit,Sikar,No
23516702,149771,2024-01-31,8921.9,Withdrawal,Aligarh,Yes
24447954,194620,2024-07-14,30048.54,Deposit,Saharanpur,No
31761281,309710,2024-11-03,43439.83,Deposit,Pallavaram,No
70511478,207030,2024-08-25,29106.65,Deposit,Khandwa,No
61859543,464767,2024-01-19,46788.22,Transfer,Gopalpur,No
33262093,438726,2024-07-01,21173.78,Withdrawal,Bahraich,No
62682046,791446,2024-10-03,23603.71,Deposit,Anantapur,No
72293195,998655,2024-08-11,18917.29,Deposit,Karimnagar,No
2045593,707972,2024-03-17,35784.01,Transfer,Raipur,No
41410454,342569,2024-09-04,22053.7,Transfer,Bhiwandi,No
7686665,966208,2024-06-11,48754.26,Transfer,Junagadh,No
61569857,420710,2024-04-27,46151.89,Deposit,Bettiah,No
45146276,336258,2024-01-29,44435.99,Withdrawal,Vijayawada,No
92611601,525970,2025-01-09,3026.03,Withdrawal,Rajkot,No
83254006,551532,2024-09-10,42191.45,Transfer,Ambattur,No
38340367,652004,2024-07-05,22863.79,Transfer,Dhule,No
42857407,53049,2024-07-05,45246.12,Deposit,Singrauli,No
36275975,77748,2024-10-09,10970.94,Transfer,Kamarhati,No
22530210,538344,2024-08-17,30782.72,Withdrawal,Varanasi,No
45769214,347879,2024-09-02,43101.29,Transfer,Chapra,No
86913951,947935,2024-02-04,47413.34,Transfer,Thoothukudi,No
21820043,193796,2024-11-15,12360.52,Transfer,Karnal,No
2216215,183163,2024-05-24,27120.22,Transfer,Bathinda,No
64277442,249047,2024-06-24,18269.8,Withdrawal,Bongaigaon,No
97678159,868487,2024-05-03,36546.45,Transfer,Udaipur,No
3256315,526636,2024-02-08,31730.43,Transfer,Aurangabad,No
51358163,141161,2025-01-02,6458.4,Withdrawal,Bettiah,No
19257812,925172,2025-01-07,6756.02,Deposit,Nellore,No
87399107,100132,2024-09-27,28078.85,Deposit,Kolkata,No
92737316,221057,2024-07-30,5085.19,Transfer,Khandwa,No
87902155,177424,2024-03-23,15230.75,Transfer,Anantapur,No
95125658,604305,2024-07-13,25746.61,Transfer,Panipat,No
792347,336258,2024-11-20,31118.88,Withdrawal,Tinsukia,No
25393284,411756,2024-05-02,47077.94,Withdrawal,Surat,No
87257547,727653,2024-03-19,29379.06,Deposit,Srikakulam,No
83402601,921883,2025-01-17,10069.46,Withdrawal,Ratlam,No
44970997,677117,2024-02-05,22968.18,Deposit,Bokaro,No
4680619,36934,2024-08-28,36985.61,Transfer,Madurai,Yes
20905608,579252,2024-08-14,19721.49,Transfer,Coimbatore,No
30473480,556894,2024-05-15,39706.97,Transfer,Madhyamgram,No
12967366,23715,2025-01-13,36438.17,Transfer,Chapra,No
66549790,350366,2024-10-01,8252.76,Transfer,Gulbarga,No
39430069,406915,2024-02-20,43111.58,Withdrawal,Kulti,No
11501446,991379,2024-05-10,18071.2,Transfer,Bhiwani,No
1671211,803949,2024-06-10,4076.71,Transfer,Chittoor,No
7538370,320868,2024-02-08,35213.46,Withdrawal,Saharsa,No
97567666,275953,2024-08-10,8048.2,Withdrawal,Katihar,No
23258489,468650,2024-03-08,8085.43,Transfer,Nagpur,No
92080900,554711,2024-07-15,24985.95,Withdrawal,Raiganj,No
10598681,298042,2024-02-17,22862.07,Deposit,Thrissur,No
32597210,425037,2024-03-02,35488.76,Deposit,Karawal Nagar,No
46853008,144066,2024-07-14,13829.84,Deposit,Mau,No
55613117,955117,2024-12-22,46616.91,Withdrawal,Srinagar,No
76934861,7593,2024-04-24,33881.08,Transfer,Nagercoil,No
6341271,463394,2024-06-05,36741.94,Transfer,Faridabad,No
55913184,700756,2024-02-09,45807.49,Withdrawal,Alappuzha,No
13767346,569078,2024-04-09,14434.24,Transfer,Bareilly,No
43828920,144479,2024-04-01,19010.99,Deposit,Hazaribagh,No
86099773,973999,2024-12-24,37530.62,Withdrawal,Chittoor,No
76960242,68571,2024-08-11,19206.84,Withdrawal,Thiruvananthapuram,No
56041775,839364,2024-12-22,49202.56,Deposit,Gudivada,No
74530147,290657,2025-01-12,45881.88,Transfer,Nanded,No
86904482,180887,2024-07-02,6890.81,Withdrawal,Bhilai,No
970708,889631,2024-05-16,29375.19,Transfer,Thrissur,No
69974843,8777,2024-04-26,21434.93,Transfer,Dehri,No
27851398,244410,2024-03-09,45196.48,Withdrawal,Shimoga,No
13626850,418034,2024-02-09,16084.13,Deposit,Satara,No
80057626,62326,2024-11-12,23613.37,Transfer,Hindupur,No
1211229,660587,2024-03-12,18241.58,Deposit,Ballia,No
49635891,74251,2024-09-24,13947.63,Withdrawal,Berhampur,Yes
31741651,275953,2024-05-10,3085.59,Transfer,Berhampore,No
98606156,754539,2024-03-07,44386.37,Deposit,Delhi,No
77637029,792976,2024-03-26,31843.52,Transfer,Anantapur,No
86024985,827705,2024-10-10,5965.97,Deposit,Vadodara,No
48856313,886675,2024-09-15,5844.92,Withdrawal,Madurai,No
45235879,411756,2024-02-10,14270.73,Transfer,Howrah,No
70455830,125097,2024-02-07,20326.12,Deposit,Salem,No
40120529,801107,2024-01-31,15204.12,Withdrawal,Ahmednagar,Yes
77226100,373811,2024-11-16,8441.36,Transfer,Jalgaon,No
72091917,762564,2024-10-31,29490.1,Deposit,Nashik,No
77022133,992133,2024-12-03,45145.93,Deposit,Amroha,No
46153248,363220,2024-03-27,15262.86,Withdrawal,Tirunelveli,No
24154753,618250,2024-09-24,19803.06,Deposit,Farrukhabad,No
96560055,97949,2024-12-13,9963.49,Deposit,Gorakhpur,No
91076824,333481,2024-08-23,17821.07,Transfer,Panihati,No
85922411,826113,2024-11-24,26092.76,Deposit,Patna,No
41649614,77748,2024-03-11,25749.7,Transfer,Tadepalligudem,No
52294268,862255,2024-07-31,38823.47,Withdrawal,Patna,No
77063010,960252,2024-05-08,4286.06,Withdrawal,Katni,No
54548289,382246,2024-06-11,38747.89,Transfer,Udaipur,No
68894352,67376,2024-01-21,32950.48,Withdrawal,Anantapuram,No
91823511,37036,2024-02-12,9663.41,Withdrawal,Amaravati,No
55965674,337688,2024-09-01,21996.64,Transfer,Burhanpur,No
14585166,573014,2024-08-21,18697.57,Deposit,Gorakhpur,No
77604721,857427,2024-11-18,4463.61,Deposit,Bettiah,No
63485804,418330,2024-06-03,891.55,Transfer,Munger,No
623630,502987,2024-10-14,26514.68,Withdrawal,Gandhinagar,No
89416825,50462,2024-04-18,37273.26,Withdrawal,Howrah,No
51919069,160904,2024-09-14,9120.22,Deposit,Rourkela,No
10284633,485108,2024-12-06,1010.22,Transfer,Shivpuri,No
99350974,160690,2024-06-22,17114.19,Transfer,Berhampore,No
70816914,303590,2024-09-01,42873.12,Deposit,Avadi,No
12491873,243427,2024-04-29,12902.08,Transfer,Machilipatnam,No
41499695,749682,2024-03-19,31138.7,Transfer,Bhagalpur,No
44939444,650035,2024-03-25,20758.92,Deposit,Sasaram,No
59357759,475927,2024-06-14,42652.39,Deposit,Ozhukarai,No
27691040,37251,2024-06-19,9512.51,Transfer,Hubli–Dharwad,No
36808404,772103,2024-11-04,18563.32,Deposit,Arrah,No
70695647,463394,2024-01-30,16689.36,Withdrawal,Gandhinagar,No
11840918,11012,2024-03-14,19940.57,Deposit,Alwar,No
73414155,853028,2024-01-20,17642.1,Transfer,Jaunpur,No
85813977,714170,2024-09-24,7981.64,Transfer,Dibrugarh,No
14013051,308780,2024-12-19,49397.12,Withdrawal,Bhilwara,No
74169968,207030,2024-12-28,27994.35,Deposit,Amaravati,No
57085266,109782,2024-02-09,47310.5,Deposit,Nizamabad,No
3588765,726545,2024-09-11,34225.85,Transfer,Loni,No
68531117,488252,2024-12-03,27987.44,Withdrawal,Mysore,No
59197984,222738,2024-12-30,48969.99,Withdrawal,Ozhukarai,No
7432912,947935,2024-03-31,30021.89,Transfer,Amaravati,No
49183270,13132,2024-07-11,20501.44,Transfer,Alappuzha,No
87594643,983409,2024-10-16,30090.51,Deposit,Nagercoil,No
82211102,578666,2024-06-11,18542.22,Transfer,Hajipur,No
64957568,238360,2024-10-03,7231.09,Withdrawal,Allahabad,No
29647671,226634,2024-08-27,18730.63,Deposit,Secunderabad,No
86962971,603650,2024-09-05,34216.5,Deposit,Gorakhpur,No
57065897,973335,2024-11-29,34010.31,Deposit,Surendranagar Dudhrej,No
63718107,76037,2025-01-05,43179.91,Withdrawal,Karimnagar,No
23913491,423408,2024-02-19,43858.47,Transfer,Hajipur,No
90059366,961428,2024-07-29,42840.82,Transfer,Guwahati,No
95288574,38533,2024-05-07,30743.83,Transfer,Buxar,Yes
27090612,125097,2024-09-07,13925.39,Deposit,Rewa,No
33809084,827705,2024-12-27,23873.67,Deposit,Miryalaguda,No
18754947,898677,2025-01-11,6149.46,Transfer,Raichur,No
58261030,842413,2024-11-14,42229.44,Transfer,Bhind,No
17429371,482184,2024-07-31,16090.57,Withdrawal,Rohtak,No
88107707,656852,2024-12-16,38746.82,Deposit,Nadiad,No
49367827,554711,2024-11-12,36673.7,Transfer,Jorhat,No
6356693,90686,2024-06-07,46734.12,Deposit,Narasaraopet,No
71372095,95298,2024-06-28,47883.01,Withdrawal,Surat,No
41729501,290060,2025-01-06,27070.77,Deposit,Bhalswa Jahangir Pur,No
40329547,881989,2024-06-23,27612.55,Transfer,Kochi,No
71560308,405877,2024-06-24,20814.52,Transfer,Ichalkaranji,No
56446822,995504,2024-03-06,12038.93,Deposit,Naihati,No
3469862,90686,2024-05-09,6596.19,Deposit,Pune,No
45963926,660587,2024-09-21,36126.79,Deposit,Kavali,No
828722,992094,2025-01-15,673.7,Deposit,Kota,No
83190175,673366,2024-04-10,18274.17,Withdrawal,Kulti,No
6951837,113816,2024-10-04,48888.84,Withdrawal,Pimpri-Chinchwad,No
83899037,665101,2024-03-20,17314.29,Deposit,Hajipur,No
8718814,364251,2024-09-27,22953.93,Withdrawal,Rewa,No
16953950,405216,2024-08-02,48755.16,Transfer,Jamshedpur,No
36842122,132503,2024-05-19,39295.16,Transfer,Raipur,No
62113808,410590,2024-03-22,10491.52,Transfer,Bhind,Yes
59323693,359124,2024-11-05,22964.59,Withdrawal,Mysore,No
85524221,881989,2024-11-12,38799.6,Deposit,Raurkela Industrial Township,No
61885950,705856,2024-09-09,37929.63,Deposit,Bharatpur,Yes
41656984,53049,2024-05-24,34432.15,Withdrawal,Panvel,No
16135491,45720,2024-02-23,23681.95,Transfer,Gangtok,Yes
29196523,170854,2024-09-14,39550.73,Deposit,Ambattur,No
59615230,850153,2024-11-10,47268.96,Withdrawal,Pimpri-Chinchwad,No
75953734,889455,2024-10-06,32092.92,Transfer,Hubli–Dharwad,No
8396438,73932,2024-05-06,10305.72,Withdrawal,Vellore,No
43399850,1756,2024-08-07,49131.97,Withdrawal,Ballia,No
23835006,928970,2024-03-01,5769.93,Transfer,Thiruvananthapuram,No
25866674,528889,2024-02-18,47608.9,Withdrawal,Siwan,No
6328807,550330,2024-02-27,32709.08,Deposit,Allahabad,No
31629431,640841,2025-01-02,47868.59,Deposit,Satara,No
41490304,152564,2024-12-23,25314.53,Deposit,Burhanpur,No
80227779,206654,2024-02-20,13284.15,Deposit,Khandwa,No
60486506,774748,2024-03-24,16334.99,Withdrawal,Pondicherry,No
23120595,594602,2024-09-08,44368.76,Withdrawal,Hapur,Yes
92733373,73127,2024-08-11,33577.16,Transfer,Davanagere,No
58121335,425987,2024-03-15,1072.55,Transfer,Rampur,No
56304047,660587,2024-02-10,33255.44,Deposit,Udupi,No
98156349,272778,2024-03-07,31922.28,Deposit,Malegaon,No
38830588,736200,2024-08-10,10936.22,Transfer,Ghaziabad,No
13708420,538344,2024-08-17,30980.4,Transfer,Bharatpur,No
97141404,888349,2024-08-13,34033.18,Withdrawal,Gwalior,No
63375089,840076,2024-09-23,35713.79,Withdrawal,Muzaffarpur,No
22066894,309710,2024-07-01,2976.24,Withdrawal,Jhansi,No
15233292,897229,2024-04-12,15560.04,Withdrawal,Rewa,No
79703640,489322,2024-07-31,45933.85,Transfer,Udupi,No
63027507,669600,2024-01-22,46403.54,Deposit,Ozhukarai,No
87345181,438726,2024-05-29,16905.02,Deposit,Kavali,No
