LoanID,CustomerID,LoanAmount,InterestRate,LoanStartDate,LoanEndDate,LoanType,EMIAmount,EMIDueDate,LoanStatus,DefaultFlag
721037,319210,1589359.26,11.94,2022-10-23,2026-08-18,Home,43096.8,2024-01-23,Closed,No
546728,115017,1906226.82,12.72,2023-08-12,2028-01-24,Education,32301.29,2024-06-25,Defaulted,No
663257,118426,1301060.2,14.17,2025-01-10,2025-06-22,Education,31478.07,2024-02-29,Active,Yes
450885,919748,1379692.17,9.99,2024-11-12,2025-10-31,Personal,11352.37,2025-01-06,Defaulted,No
271525,165641,4036867.72,9.66,2022-04-06,2027-09-27,Car,24389.42,2024-08-17,Defaulted,No
288248,516275,954988.22,14.31,2022-08-16,2030-01-03,Home,15624.05,2024-04-04,Closed,No
203677,324224,3858347.16,9.84,2022-10-09,2029-10-08,Car,43350.98,2024-09-29,Defaulted,No
545840,733370,1288528.05,12.78,2023-01-06,2028-10-10,Car,7763.74,2024-07-07,Active,No
396906,673274,4305985.07,12.07,2022-04-26,2029-05-07,Education,25675.76,2024-03-06,Closed,No
102376,705856,297806.47,11.5,2024-06-22,2025-09-09,Home,17972.54,2024-09-28,Closed,Yes
380962,25918,3182038.88,13.86,2023-04-09,2027-03-14,Home,7864.61,2024-10-27,Active,No
778174,634537,3505363.73,13.41,2024-12-19,2028-09-06,Home,16106.83,2024-06-15,Closed,No
352068,482339,367446.04,14.08,2024-03-24,2027-02-09,Education,20081.14,2024-09-15,Defaulted,No
396800,961366,3403806.7,13.31,2024-08-13,2026-07-23,Personal,48606.79,2024-04-17,Defaulted,No
304870,573014,4835693.59,11.18,2023-05-26,2027-08-11,Education,26280.88,2024-12-23,Active,No
139988,717024,798334.87,13.03,2023-06-30,2027-01-29,Car,45809.33,2024-01-28,Closed,No
23489,295273,3630917.49,8.19,2024-10-31,2027-04-25,Personal,46041.42,2024-02-12,Defaulted,No
829675,386727,2321266.44,14.92,2024-08-02,2025-03-09,Education,9403.63,2024-01-23,Closed,No
896822,462703,1470964.39,9.6,2022-09-21,2029-01-05,Personal,43283.39,2024-05-19,Active,No
773330,790134,3309090.57,12.82,2023-07-03,2029-01-14,Education,30161.92,2024-06-19,Active,No
111995,297816,1104510.62,10.31,2024-11-16,2029-01-27,Education,19549.17,2024-03-06,Active,No
136875,930317,2499893.43,12.95,2022-01-29,2027-11-16,Car,16544.69,2024-04-13,Defaulted,No
777493,117415,3333366.51,11.69,2024-06-09,2027-01-13,Personal,24631.84,2025-01-05,Closed,No
613240,499170,2210919.54,10.03,2023-07-07,2025-04-06,Car,16264.3,2024-09-16,Defaulted,No
645966,36934,3408199.1,9.84,2023-03-01,2026-01-06,Education,27025.35,2024-08-22,Closed,No
140000,130980,3213647.72,9.94,2023-09-19,2027-12-07,Education,26366.84,2024-12-10,Closed,No
409212,799146,809409.39,12.95,2022-04-06,2025-10-22,Home,35879.42,2024-07-31,Closed,No
898421,834339,436534.68,10.62,2025-01-04,2028-03-01,Personal,15766.84,2024-02-13,Defaulted,No
163934,434035,1845033.04,13.96,2024-07-12,2029-02-12,Education,33750.36,2025-01-05,Active,No
444226,309021,1379463.22,8.93,2024-02-26,2026-11-24,Home,19809.06,2024-08-08,Defaulted,No
572376,6116,3474722.89,12.23,2024-11-23,2029-06-07,Education,25477.44,2024-10-05,Closed,No
749848,841731,695238.05,14.2,2024-04-18,2027-06-26,Education,46302.56,2024-02-23,Closed,No
769663,834090,1606995.17,12.21,2022-02-28,2029-07-28,Home,43836.71,2025-01-09,Active,No
467468,867389,2867081.68,8.22,2022-03-05,2026-03-04,Education,42213.19,2024-09-29,Active,Yes
87217,729143,2096469.47,10.59,2023-03-12,2026-07-18,Home,22084.65,2024-08-29,Defaulted,No
151157,680805,2479660.12,8.7,2024-04-12,2026-05-17,Personal,23814.27,2024-05-16,Active,No
285834,251981,3120230.18,11.45,2025-01-14,2027-07-07,Car,18632.35,2024-12-21,Defaulted,No
985031,854512,3052593.59,12.66,2024-11-23,2028-08-24,Car,20776.91,2024-05-19,Active,No
134177,90138,1540419.62,11.0,2022-04-06,2026-06-30,Education,22308.49,2024-06-10,Active,No
559421,650035,4875238.7,12.12,2024-06-17,2027-05-30,Education,48912.12,2024-12-14,Active,No
662839,105092,3113014.46,14.6,2023-09-06,2028-11-07,Personal,48497.37,2024-09-19,Closed,No
97628,258996,4833871.74,11.93,2022-03-23,2027-04-07,Home,24717.44,2024-06-19,Active,No
823971,590389,4158085.49,11.61,2023-07-31,2026-09-15,Personal,40246.39,2024-07-29,Defaulted,No
858682,109969,3985393.86,12.81,2024-09-17,2026-11-26,Home,33106.86,2024-12-02,Defaulted,No
16039,518005,1292402.14,9.9,2022-02-08,2028-02-29,Education,28922.73,2024-06-02,Closed,No
472554,810347,603254.31,10.52,2022-09-22,2028-11-25,Car,23008.38,2024-04-22,Active,No
553462,727653,3391942.28,14.01,2024-03-06,2025-07-30,Car,45752.62,2024-01-23,Defaulted,Yes
454814,305842,2122679.37,12.39,2024-02-22,2025-05-05,Education,18383.19,2024-04-14,Active,No
747618,543970,165509.83,9.59,2024-07-31,2027-04-02,Home,23998.93,2024-03-01,Defaulted,No
145659,536358,4907408.46,13.79,2022-11-20,2025-11-07,Personal,20408.25,2024-03-19,Defaulted,No
482835,927322,1799975.72,13.46,2024-08-30,2025-08-29,Home,23912.47,2024-04-10,Closed,No
244549,355039,2168897.13,9.27,2024-05-18,2029-03-09,Education,39074.57,2024-08-22,Active,No
564661,774748,1621617.8,9.25,2022-10-06,2026-05-11,Car,7273.91,2024-05-16,Defaulted,No
358574,436797,806507.81,8.33,2023-02-15,2026-04-28,Home,37579.66,2024-07-11,Active,No
195168,324224,4896175.24,12.75,2023-09-02,2027-09-08,Personal,42924.17,2024-07-31,Closed,Yes
53340,976465,708102.54,9.16,2022-07-31,2026-12-30,Personal,22080.97,2024-12-20,Defaulted,No
318769,645405,3535713.14,9.86,2023-04-22,2025-09-16,Personal,18445.22,2024-12-08,Defaulted,No
4546,870439,2077068.03,13.58,2022-04-10,2025-02-06,Education,26514.75,2024-05-30,Active,Yes
139864,289384,1436554.93,10.96,2022-02-19,2027-05-10,Personal,16529.63,2024-11-08,Defaulted,No
522417,811661,1689510.08,12.83,2022-01-29,2025-05-11,Home,46673.19,2024-04-10,Defaulted,No
473847,948630,4088064.84,11.69,2024-10-02,2029-11-18,Home,17818.05,2024-04-20,Defaulted,No
990638,536292,1113284.84,12.34,2024-07-25,2025-10-05,Home,40873.82,2024-03-01,Active,No
187312,248547,1997908.07,14.84,2024-07-07,2027-05-28,Personal,35260.54,2024-10-13,Defaulted,No
299693,207030,4145664.69,12.02,2024-01-18,2028-12-03,Education,10546.19,2024-06-13,Defaulted,No
549804,53140,2171324.42,11.8,2023-06-16,2026-05-26,Education,19108.2,2024-09-02,Closed,No
26604,566469,1803054.36,13.92,2022-04-04,2028-12-05,Personal,13957.12,2024-06-25,Closed,No
949460,105092,338508.29,13.12,2024-12-06,2026-06-14,Personal,41416.07,2024-07-14,Defaulted,No
224179,947935,3278737.49,13.98,2023-11-21,2027-06-04,Car,26712.08,2024-03-15,Active,No
688124,363258,2252826.93,10.68,2024-07-19,2029-12-08,Car,15713.33,2024-08-26,Active,No
447581,950030,1051366.15,13.6,2023-06-12,2026-05-24,Home,46570.23,2024-02-20,Active,No
244132,976327,3489589.45,10.5,2023-03-31,2026-10-06,Car,43563.85,2024-09-18,Closed,No
512922,272778,2195338.81,11.15,2022-09-15,2027-06-14,Car,49563.14,2025-01-18,Active,No
433067,850481,2864303.21,8.73,2022-03-31,2028-10-15,Home,49694.08,2024-12-31,Defaulted,No
233560,508967,4411040.95,12.89,2023-12-16,2026-05-01,Car,35651.52,2024-08-26,Closed,No
927874,416024,4801658.59,10.12,2024-06-17,2029-05-30,Car,12286.35,2024-08-21,Closed,No
889091,69800,220674.41,10.6,2022-06-04,2026-02-27,Personal,8454.32,2024-02-01,Closed,No
707660,574057,4566582.04,12.97,2023-11-22,2028-06-14,Education,13484.39,2024-09-23,Active,No
622397,774748,1782635.65,14.66,2022-07-21,2026-11-10,Education,10823.67,2024-02-21,Active,No
734790,444939,702976.4,9.57,2023-02-16,2029-05-02,Car,15778.46,2025-01-03,Closed,No
641979,347598,2150386.47,14.72,2022-08-23,2025-08-04,Education,42550.04,2024-06-18,Active,No
542970,701550,931357.94,14.02,2023-12-22,2028-02-15,Personal,31511.21,2024-11-02,Defaulted,No
872078,194224,3733472.48,12.16,2022-03-20,2026-11-16,Car,22072.28,2024-04-30,Closed,No
151774,248547,3549168.3,14.76,2023-03-31,2028-12-02,Personal,30614.76,2024-07-07,Defaulted,No
556318,363268,3190547.94,11.54,2023-05-10,2027-11-02,Education,19116.92,2024-04-17,Defaulted,No
307303,592551,190506.86,13.95,2022-02-24,2026-02-12,Home,20277.17,2025-01-01,Active,No
658099,819567,4630677.18,10.22,2022-02-17,2026-08-07,Home,14633.88,2024-11-06,Closed,No
845318,564322,573905.25,11.16,2022-11-18,2029-06-15,Car,32739.53,2024-02-13,Defaulted,Yes
750123,343004,3050301.92,8.94,2024-08-30,2027-02-24,Personal,27129.33,2024-05-03,Active,Yes
168326,107123,1463962.94,12.94,2024-01-09,2026-09-21,Home,41855.38,2024-05-25,Defaulted,No
8381,140431,3770650.35,12.25,2022-04-03,2029-10-27,Personal,49899.06,2024-01-24,Active,Yes
914827,886675,1985396.43,8.35,2022-11-22,2028-03-08,Education,47609.99,2024-05-25,Active,No
167573,609664,1477545.24,12.3,2024-07-14,2030-01-09,Education,7305.04,2025-01-12,Active,Yes
414913,714488,2715741.24,8.28,2022-02-27,2025-06-08,Personal,5835.8,2024-12-24,Defaulted,No
675566,844183,3181222.76,12.75,2024-12-26,2026-02-11,Car,22218.54,2025-01-09,Active,No
13173,949091,257829.61,12.49,2023-06-08,2026-11-12,Car,42646.02,2024-04-28,Defaulted,No
554586,651637,3313316.55,11.52,2023-03-07,2026-11-18,Car,41640.2,2024-07-12,Closed,No
681489,93889,1505464.4,13.38,2024-07-22,2026-12-13,Education,39051.55,2024-03-31,Active,No
756138,601215,1650247.23,14.15,2023-04-13,2029-01-27,Personal,8300.67,2024-11-04,Closed,No
823605,220250,2302109.75,9.46,2023-06-02,2027-05-19,Home,49731.13,2024-02-11,Active,No
886023,732777,3318443.42,9.79,2024-05-24,2027-06-28,Education,24599.24,2024-03-06,Active,No
104327,244046,1722814.61,13.05,2023-07-31,2027-10-08,Personal,40755.11,2024-05-24,Active,No
903538,405057,2667713.09,14.61,2022-10-20,2026-05-18,Car,17180.79,2024-02-15,Defaulted,Yes
935009,206369,4706708.68,11.43,2022-12-06,2026-04-20,Education,14350.8,2024-10-10,Closed,No
755023,581311,2961831.12,13.58,2022-06-10,2026-06-13,Education,33689.57,2024-06-10,Defaulted,No
841248,925172,4327734.0,9.92,2024-12-20,2028-07-22,Home,22108.2,2024-06-25,Active,No
1195,411343,3490546.09,9.21,2024-01-08,2029-01-17,Personal,13349.9,2024-02-23,Closed,No
824070,353960,1561720.2,13.13,2024-04-14,2029-02-11,Car,38575.23,2024-06-26,Active,No
460360,226634,4402872.37,13.85,2023-03-17,2027-04-20,Education,20526.02,2024-03-20,Active,Yes
749105,736200,4879476.89,10.37,2025-01-09,2027-02-14,Personal,40706.57,2024-12-01,Active,No
937777,511045,1357596.84,10.72,2024-09-15,2025-09-10,Car,10677.33,2024-12-31,Defaulted,No
641227,50594,3844753.03,10.58,2024-08-08,2026-02-07,Car,32014.89,2024-12-30,Active,No
900797,631825,1708137.42,8.26,2024-08-10,2027-02-19,Personal,36276.33,2024-08-09,Defaulted,Yes
14884,374930,3160401.21,9.48,2024-11-17,2027-04-05,Education,44803.46,2024-02-05,Closed,No
128220,270006,3179327.3,12.62,2022-02-16,2027-10-19,Home,28364.94,2025-01-09,Defaulted,No
335584,634537,3186388.94,8.11,2023-11-23,2028-11-23,Home,5288.9,2024-06-29,Defaulted,No
162663,624454,182317.63,8.61,2024-12-10,2028-04-11,Personal,29274.52,2024-02-18,Defaulted,No
619718,750791,1556326.16,14.95,2022-02-16,2026-03-24,Personal,22098.43,2025-01-06,Defaulted,No
533013,834339,4682765.02,8.58,2023-06-30,2029-09-22,Car,15683.27,2024-06-02,Closed,No
542110,590389,2831281.27,11.33,2023-03-31,2026-06-23,Education,24889.63,2024-10-18,Defaulted,No
408124,87647,3013871.83,12.88,2024-05-08,2030-01-07,Car,19446.35,2024-07-13,Closed,No
970839,719638,2863763.82,10.13,2022-03-21,2029-02-14,Education,35120.72,2024-08-14,Defaulted,Yes
357255,231211,2855152.83,8.87,2022-11-03,2025-04-17,Education,31518.41,2024-07-17,Active,No
856719,256929,3926020.36,12.68,2024-04-28,2027-07-25,Home,32078.27,2024-12-06,Closed,No
210298,981159,114897.45,10.05,2024-08-10,2027-09-22,Car,29607.06,2025-01-17,Closed,No
397306,659483,297284.8,13.23,2024-07-02,2028-09-17,Education,18247.94,2024-09-04,Defaulted,No
216007,841731,3437086.71,8.8,2023-10-06,2025-06-30,Car,5137.21,2024-03-17,Active,No
592553,444939,854700.71,8.03,2022-06-16,2029-03-05,Education,13741.13,2024-08-14,Defaulted,No
807657,875809,2387645.34,14.49,2022-10-03,2026-01-21,Personal,16145.54,2024-04-07,Closed,No
327352,277391,1733140.44,14.36,2023-08-13,2027-11-30,Home,25875.92,2024-10-31,Active,Yes
162009,971810,1797324.4,8.99,2024-10-23,2028-08-30,Education,37202.72,2024-05-31,Active,No
608638,264540,1927997.59,8.82,2023-06-06,2028-09-02,Personal,7777.45,2024-01-26,Closed,No
265546,767638,676488.69,14.56,2022-09-24,2028-06-02,Education,5449.88,2024-07-29,Closed,No
794132,570829,765021.25,11.75,2023-08-25,2025-06-14,Education,38854.5,2024-11-29,Closed,Yes
444780,305842,1405261.03,9.5,2024-10-12,2026-11-10,Personal,46324.55,2024-02-06,Active,No
782587,146801,2512918.47,10.94,2024-07-11,2029-12-12,Home,42467.47,2025-01-01,Closed,No
408119,320373,900522.89,11.8,2023-04-08,2025-03-06,Personal,9408.95,2024-03-12,Defaulted,No
718131,322614,3018279.01,12.16,2024-12-11,2029-06-12,Car,21148.41,2024-03-30,Active,No
734181,554711,3580291.15,11.93,2023-06-11,2026-09-10,Home,8019.03,2024-03-31,Defaulted,No
317116,347879,4672440.68,14.46,2025-01-03,2028-02-23,Car,23601.7,2025-01-01,Defaulted,No
642031,634287,467675.25,10.64,2022-07-17,2026-07-10,Home,37407.58,2024-07-03,Defaulted,No
928900,75479,3710850.66,11.16,2022-04-06,2025-02-15,Home,44962.66,2024-05-09,Closed,No
976566,581311,4279001.73,11.14,2024-08-05,2028-08-02,Car,7372.88,2024-10-09,Closed,No
674476,79576,3472804.88,12.5,2022-09-16,2025-04-04,Education,37755.84,2024-03-10,Defaulted,No
973227,489322,3917465.15,12.81,2024-05-04,2025-09-29,Car,26354.65,2024-08-29,Closed,No
655774,179154,3524628.48,10.79,2024-09-22,2027-12-26,Car,24989.11,2024-10-31,Defaulted,No
774428,316322,4218350.13,13.18,2022-04-07,2025-04-09,Car,49173.58,2025-01-15,Defaulted,No
3667,47595,1030078.54,12.42,2024-12-19,2025-10-23,Education,30822.91,2024-07-14,Defaulted,No
571590,365189,861019.37,10.47,2022-08-22,2026-07-21,Personal,7494.18,2024-09-18,Active,No
342094,687140,1642262.08,8.67,2024-07-19,2025-07-30,Education,42571.37,2024-08-14,Defaulted,No
488745,780153,1720684.46,10.4,2022-01-21,2028-08-12,Personal,47022.07,2024-02-18,Active,No
221940,73127,4782051.31,8.89,2023-06-02,2028-11-24,Education,27909.47,2024-05-21,Closed,No
876790,258996,509116.55,8.51,2022-08-30,2029-04-05,Education,27327.2,2024-12-06,Closed,No
50960,464767,3553559.23,8.93,2022-02-09,2025-03-01,Car,31239.22,2024-10-21,Defaulted,No
179964,763127,4740344.6,12.41,2024-05-16,2026-09-14,Education,7915.11,2024-07-30,Defaulted,No
849368,430643,4255412.82,8.3,2024-02-11,2029-06-29,Car,12233.7,2024-08-31,Closed,No
318491,561701,839720.9,8.36,2023-01-27,2027-12-30,Personal,49737.76,2024-06-18,Active,No
986473,231338,4645954.93,14.35,2022-10-16,2029-02-18,Car,37870.43,2024-10-16,Active,No
723381,33573,4346969.88,13.83,2022-10-04,2025-11-26,Education,49108.55,2024-09-06,Defaulted,No
844569,751584,511543.4,10.76,2023-01-26,2025-10-24,Education,24074.49,2024-07-06,Active,No
648741,882266,182826.15,8.26,2023-02-25,2027-05-08,Personal,21372.84,2024-11-24,Closed,No
481265,857427,3090611.8,13.62,2022-06-03,2027-06-02,Personal,35199.09,2024-01-23,Active,No
944538,729143,2680462.91,8.53,2022-05-27,2029-10-05,Car,9515.73,2024-08-09,Active,No
809645,416024,2952839.93,14.82,2022-07-23,2028-08-09,Education,38538.17,2024-08-07,Defaulted,No
123346,168594,4927997.28,13.6,2022-08-15,2027-09-26,Home,16042.76,2024-03-19,Closed,No
66405,638288,325500.07,9.34,2022-06-09,2025-11-17,Car,17883.84,2024-11-05,Active,No
505233,920549,2989397.03,13.43,2022-05-25,2028-08-01,Car,30980.79,2024-03-04,Active,No
754693,73008,1847581.85,8.3,2023-05-14,2028-11-18,Home,24303.34,2024-09-04,Active,No
749416,713573,2073360.66,8.74,2022-09-15,2028-09-22,Home,32793.91,2024-12-06,Active,No
743767,146801,1294729.02,12.74,2023-08-26,2028-04-29,Car,38765.31,2024-08-05,Defaulted,No
346240,346599,4776364.03,10.9,2023-10-08,2028-09-10,Education,5415.98,2024-05-08,Closed,No
904803,966208,99533.15,11.64,2023-10-05,2025-12-23,Education,12940.43,2024-06-13,Defaulted,No
287126,65536,2138409.31,12.69,2023-07-02,2027-09-09,Home,21365.83,2024-02-27,Defaulted,No
349483,698382,4323734.92,11.31,2023-06-02,2029-11-09,Car,15841.81,2024-05-25,Defaulted,No
141111,160690,2402452.95,10.37,2023-05-24,2027-07-24,Personal,17973.72,2024-06-28,Closed,No
679290,254259,1547965.55,14.79,2022-02-17,2028-11-19,Personal,32393.34,2024-07-25,Active,No
758878,422077,3513044.99,8.17,2023-05-10,2025-12-15,Car,48536.13,2024-09-05,Closed,Yes
430397,750058,3411196.15,11.28,2023-03-11,2028-03-16,Education,13100.66,2024-10-28,Closed,No
412618,800947,2810697.81,14.36,2023-08-11,2025-04-25,Car,22451.64,2024-03-03,Closed,No
217467,89301,4458341.55,11.88,2022-09-27,2025-01-30,Home,21072.41,2024-12-16,Defaulted,No
910485,223091,2243965.19,12.13,2023-10-05,2027-11-18,Home,44394.47,2024-06-20,Active,No
590552,844183,296854.39,9.01,2023-12-02,2025-10-20,Education,41472.1,2024-10-26,Active,No
946447,257199,1880954.96,13.73,2024-06-26,2025-11-14,Education,13366.69,2024-08-27,Active,No
464954,22589,4666221.58,9.47,2024-03-01,2026-06-23,Home,20747.93,2025-01-01,Closed,No
112767,72518,4512022.25,10.95,2023-04-15,2028-01-12,Car,31841.6,2024-09-05,Closed,No
559591,379514,4557354.58,10.23,2023-02-19,2029-10-30,Home,43014.32,2024-06-07,Closed,No
94821,633832,3097594.87,11.39,2022-08-02,2028-06-23,Car,24572.44,2024-02-06,Defaulted,No
937043,906370,538845.37,12.13,2023-04-05,2028-11-20,Personal,40449.58,2024-08-24,Closed,No
966650,193796,2124963.8,14.5,2023-03-17,2029-09-13,Home,35598.92,2024-03-29,Active,Yes
276698,180887,511343.76,11.1,2022-07-07,2026-01-29,Car,9897.61,2024-07-12,Defaulted,No
489445,999088,1929395.33,11.56,2022-05-07,2029-02-09,Home,15915.01,2024-03-02,Active,No
515772,160454,2988215.05,14.57,2024-08-01,2028-08-01,Home,36676.87,2024-06-30,Defaulted,No
371179,722964,1092330.04,12.18,2023-05-01,2026-07-23,Home,33739.33,2024-04-11,Active,No
506837,574099,4158476.42,14.94,2024-03-17,2027-11-27,Education,28959.53,2024-05-05,Active,No
952958,482184,434306.87,12.98,2022-05-02,2025-03-14,Education,14176.02,2024-06-19,Defaulted,No
874281,382376,3696674.51,12.97,2022-06-27,2027-04-08,Personal,13559.25,2024-07-11,Active,No
769574,780107,4063003.16,8.59,2024-02-27,2029-03-23,Personal,14066.1,2024-03-28,Active,No
727166,193796,773365.85,10.98,2023-05-25,2026-08-14,Home,26671.59,2024-12-11,Closed,No
584540,436797,3633716.58,9.49,2022-09-22,2026-07-23,Car,12495.77,2024-04-24,Closed,No
918545,114248,3496319.43,14.39,2024-10-24,2025-10-26,Education,18054.84,2024-06-19,Closed,No
361231,446769,2071023.46,14.03,2024-07-27,2025-02-11,Education,11669.16,2024-06-30,Defaulted,No
302503,583301,4152410.22,13.13,2024-11-09,2028-05-24,Home,13544.18,2025-01-17,Closed,No
852236,851531,4184951.34,14.55,2022-05-17,2027-02-04,Personal,12571.68,2024-09-22,Active,Yes
274624,82353,4255012.28,13.74,2022-09-16,2028-07-11,Education,31153.19,2024-04-08,Active,Yes
908367,389469,2050381.61,13.81,2022-08-01,2028-08-11,Personal,37713.06,2024-04-12,Defaulted,Yes
36858,969177,1289685.95,8.26,2022-03-27,2030-01-12,Car,47599.76,2024-12-23,Active,No
387143,490903,1084114.87,11.81,2023-10-01,2026-04-13,Home,47430.03,2024-09-02,Closed,No
287533,319210,4164204.37,9.54,2024-09-24,2025-04-03,Personal,5240.99,2025-01-02,Active,Yes
168707,440504,79382.93,13.27,2023-08-07,2026-02-24,Education,15661.49,2024-07-27,Defaulted,No
352318,470085,1542291.54,14.02,2023-05-16,2025-06-12,Home,16019.81,2024-04-22,Closed,No
533883,420381,1229076.35,14.05,2022-10-24,2025-03-25,Education,29538.97,2024-11-13,Defaulted,No
328683,839364,4488016.49,10.74,2024-11-24,2027-10-25,Car,28664.93,2024-05-05,Closed,No
346830,895766,793013.6,10.51,2023-12-19,2025-08-20,Education,15225.31,2024-04-27,Defaulted,No
36722,576276,3462794.16,10.17,2024-09-18,2029-04-18,Car,37956.74,2024-07-15,Closed,Yes
307961,368675,4747302.45,8.55,2024-08-21,2026-06-15,Car,40685.84,2024-10-14,Active,No
344387,966208,1171890.5,11.22,2023-12-01,2026-06-18,Car,49290.48,2024-11-04,Active,No
514969,869036,1245700.04,11.43,2024-09-23,2029-11-13,Home,40065.54,2024-08-22,Active,No
349680,50094,3863109.1,14.37,2023-07-18,2029-03-17,Home,18178.73,2024-11-23,Active,No
512613,819567,2574612.84,9.03,2023-10-03,2029-08-28,Education,43539.97,2024-03-20,Active,No
166876,676535,3754783.1,13.41,2022-09-05,2025-11-26,Car,19605.16,2024-01-28,Active,No
306083,583301,4272036.81,8.78,2023-12-23,2027-09-17,Car,46889.11,2024-08-26,Closed,No
98747,77748,209337.59,8.74,2024-09-20,2029-03-21,Education,45015.89,2024-05-28,Active,No
633321,557861,3478353.81,8.6,2023-01-31,2028-04-29,Education,14954.14,2024-04-05,Active,Yes
250717,976327,4569612.57,9.03,2024-07-23,2028-11-09,Home,16169.36,2024-01-24,Active,No
49607,806981,250057.16,8.54,2024-04-10,2026-02-14,Car,13014.54,2024-08-29,Active,No
965937,634324,3305963.43,8.88,2024-10-21,2027-01-25,Home,5398.68,2024-10-13,Defaulted,No
51425,930317,3793583.16,11.03,2023-01-23,2029-04-14,Home,43543.54,2024-11-01,Defaulted,No
90145,99856,4623099.34,10.73,2025-01-03,2025-09-09,Car,44907.76,2025-01-16,Closed,No
319393,423408,1839725.46,11.22,2022-02-07,2027-06-10,Education,15331.24,2024-04-27,Active,Yes
115216,275953,4395487.73,10.14,2022-04-15,2026-10-15,Car,22078.89,2024-10-29,Active,No
350416,221057,1542024.81,13.58,2025-01-18,2029-05-14,Car,29422.79,2024-05-25,Closed,No
936980,275953,3602922.02,9.35,2022-12-26,2027-06-06,Personal,29397.23,2024-11-16,Active,No
317568,711725,4122463.08,9.34,2025-01-04,2027-05-01,Home,22617.08,2024-03-01,Active,No
500311,378988,896410.35,8.44,2022-10-31,2025-04-16,Car,37594.62,2024-11-26,Active,No
141054,579252,1799423.01,8.92,2023-02-14,2026-07-09,Personal,16740.26,2024-09-26,Closed,No
209824,995860,1031581.47,9.04,2024-02-20,2027-09-20,Education,30072.44,2024-09-06,Active,No
432872,130980,282230.27,9.02,2024-11-14,2027-11-12,Personal,10540.98,2024-06-09,Active,No
608188,188209,3499630.56,10.83,2023-07-19,2028-07-14,Personal,24580.28,2024-02-27,Defaulted,No
895604,277039,4156657.63,8.36,2023-05-24,2028-09-22,Home,17313.1,2024-07-28,Active,No
353919,698382,1168456.45,11.7,2024-08-20,2026-10-25,Personal,13460.38,2024-06-10,Active,No
335611,143773,2354866.93,11.52,2023-02-10,2027-12-17,Personal,39437.96,2024-02-06,Defaulted,No
843258,695719,4376817.64,8.27,2023-08-04,2028-08-11,Personal,10764.02,2024-06-22,Closed,Yes
130352,423408,3067036.62,8.55,2025-01-08,2028-12-26,Personal,17857.9,2024-09-03,Closed,No
860969,170854,4662263.1,13.64,2024-05-01,2028-10-21,Personal,9121.32,2024-10-04,Closed,No
641414,728399,2468052.21,11.98,2022-10-31,2029-01-13,Education,38057.53,2024-12-01,Active,No
393009,973335,1432222.81,9.24,2024-07-30,2029-09-09,Personal,16860.06,2025-01-07,Active,No
869577,13132,2491200.78,12.14,2023-02-26,2029-02-14,Personal,36606.89,2024-05-24,Closed,No
322855,286672,2641859.82,11.99,2024-03-19,2025-05-22,Car,13185.62,2024-03-26,Active,No
491350,613188,1913121.87,12.41,2022-02-11,2027-07-06,Personal,14919.3,2024-04-19,Defaulted,No
800086,248967,4865267.15,11.48,2023-08-04,2027-02-25,Car,37173.54,2024-07-10,Closed,No
838247,747732,397647.4,14.18,2024-05-01,2028-04-26,Home,15276.02,2024-06-17,Active,No
505173,283909,3379908.84,11.85,2024-11-11,2027-06-04,Education,19134.27,2024-01-19,Closed,No
556091,329704,3339468.72,12.79,2022-06-29,2027-07-06,Education,40312.64,2024-09-23,Defaulted,No
321347,543970,2594740.53,13.33,2023-03-20,2028-08-08,Home,34917.06,2024-10-20,Defaulted,No
674777,153884,1637840.77,11.99,2023-08-03,2027-06-05,Personal,40199.02,2024-09-21,Defaulted,No
165408,919909,2064880.52,10.44,2024-04-03,2029-03-08,Car,7601.13,2024-10-07,Active,No
261746,673274,1046281.79,10.79,2023-04-25,2028-02-17,Education,26398.2,2024-12-24,Closed,No
320000,107770,951263.05,9.2,2024-01-31,2029-11-22,Home,9462.33,2024-05-05,Defaulted,No
802073,677751,2504563.64,11.8,2023-06-23,2027-02-04,Home,23016.43,2024-06-08,Closed,No
800852,928970,883388.08,9.66,2024-12-31,2026-07-02,Personal,23934.32,2024-03-10,Active,Yes
260128,241725,1810949.42,8.85,2022-07-13,2026-12-08,Car,44204.4,2024-01-20,Closed,Yes
972309,425987,2378557.96,14.94,2024-06-17,2029-08-17,Home,19759.0,2024-10-25,Active,No
881855,569078,738633.16,9.19,2024-07-03,2026-11-01,Personal,39077.22,2024-02-15,Defaulted,No
427797,9593,4905777.87,12.27,2024-08-07,2028-02-07,Personal,48217.43,2024-03-13,Defaulted,No
823702,730898,3595000.57,11.62,2024-08-07,2027-02-15,Personal,15790.7,2024-05-25,Active,No
987516,530310,2790209.17,8.47,2022-02-07,2025-03-11,Home,42900.97,2024-05-22,Defaulted,No
500125,616184,3283442.02,8.19,2024-01-05,2028-12-22,Personal,24680.45,2024-12-24,Active,No
547879,299035,3782911.65,9.07,2024-11-27,2025-04-03,Home,19431.44,2024-08-02,Active,No
36116,491486,1355720.57,9.24,2024-03-23,2028-02-02,Education,6767.17,2024-10-08,Closed,No
930635,477199,1341520.76,14.47,2024-08-28,2027-06-21,Home,33443.64,2024-06-30,Active,No
616713,191143,974929.12,10.23,2025-01-06,2026-06-25,Personal,26458.72,2024-02-24,Defaulted,No
488493,510170,4110949.36,14.13,2024-08-04,2028-05-23,Car,29575.1,2024-10-31,Active,No
139543,995935,1191758.48,10.62,2022-07-23,2025-10-19,Car,13673.62,2024-04-15,Defaulted,No
520396,532438,4532282.52,10.07,2024-04-09,2025-03-03,Home,28233.9,2024-10-27,Active,No
478122,47550,2605336.46,10.74,2022-10-06,2028-12-31,Education,34890.15,2024-10-25,Defaulted,No
332397,447910,4073800.51,14.79,2023-04-15,2026-08-24,Home,45587.57,2024-12-28,Closed,No
145273,642434,2911252.69,10.08,2023-07-09,2028-10-19,Personal,42262.63,2024-02-22,Defaulted,No
764765,789066,243626.78,8.83,2024-06-12,2028-03-19,Home,38956.09,2024-07-12,Defaulted,No
588854,495006,1548440.69,13.19,2024-09-03,2025-04-16,Education,13453.74,2024-08-23,Defaulted,No
919526,216911,175279.44,14.29,2023-09-23,2029-02-23,Personal,39862.65,2024-04-03,Defaulted,No
738812,144066,1688457.13,14.59,2022-12-28,2026-02-23,Education,25662.76,2024-07-11,Active,No
904123,983409,3999083.96,9.71,2024-01-04,2029-06-02,Car,40813.04,2024-02-11,Closed,No
334234,712762,304871.28,9.44,2023-08-17,2029-01-14,Personal,15289.12,2024-12-23,Defaulted,No
833704,566469,53464.99,8.32,2024-03-28,2030-01-10,Personal,6358.19,2024-02-05,Active,No
103648,704667,4202247.39,9.76,2023-10-09,2027-01-23,Home,24951.75,2024-08-26,Active,No
294947,303590,1316912.04,14.13,2024-06-22,2026-08-15,Personal,28491.17,2024-04-20,Active,No
819010,669600,3368206.81,11.24,2023-01-08,2027-01-27,Education,27966.81,2024-04-10,Closed,No
767989,11012,4581776.02,11.55,2023-07-29,2027-08-07,Education,39895.58,2024-04-11,Active,No
397816,181781,4065084.25,13.37,2024-01-13,2025-02-02,Car,39974.08,2024-04-15,Active,No
426384,80920,3190631.7,9.35,2024-12-13,2028-11-15,Education,39826.63,2024-05-14,Closed,No
260680,90686,942177.5,12.85,2024-01-11,2025-06-30,Education,19234.74,2024-03-24,Closed,No
159207,113816,4976772.24,12.76,2023-02-01,2027-02-09,Home,10022.53,2024-03-16,Closed,No
877962,948212,167313.68,14.63,2022-02-10,2029-09-08,Car,45732.03,2024-12-11,Defaulted,No
194660,382801,3278090.84,13.98,2022-12-19,2028-08-28,Education,44410.9,2024-08-06,Active,No
681526,418330,3748296.31,12.58,2024-12-27,2027-06-18,Education,14808.91,2024-09-28,Active,No
187794,689709,2440829.36,10.17,2023-01-14,2030-01-06,Personal,25595.91,2025-01-15,Closed,No
825730,861441,4113954.9,9.26,2022-06-29,2029-02-06,Personal,21622.46,2024-05-26,Closed,No
331538,747732,1302930.15,14.76,2024-12-06,2029-07-30,Education,32675.47,2024-10-03,Defaulted,No
338277,277391,3477093.18,14.88,2024-01-20,2029-10-05,Education,16589.96,2024-09-11,Closed,No
821417,314515,4735107.03,8.08,2022-04-01,2027-05-03,Personal,15711.25,2024-09-30,Closed,No
499571,446466,4986688.26,8.21,2022-10-21,2028-04-16,Personal,28436.03,2024-06-09,Active,No
890214,424969,4078563.72,10.43,2023-03-27,2026-09-08,Home,9279.21,2024-03-22,Active,No
779189,457869,263926.52,10.96,2024-07-22,2027-10-22,Education,44535.36,2024-06-19,Active,No
734467,257441,511328.49,12.19,2024-06-03,2026-04-02,Car,43691.23,2024-11-01,Defaulted,No
916275,533545,236864.61,9.09,2023-05-20,2028-01-23,Personal,7655.11,2024-08-01,Closed,Yes
126191,782067,4965738.58,9.12,2023-03-04,2029-10-10,Home,18926.89,2024-01-30,Active,No
652454,348557,629752.29,13.85,2023-02-01,2025-11-23,Car,33104.95,2024-12-23,Closed,No
81134,946240,1147239.5,14.02,2022-07-07,2029-09-20,Personal,7506.24,2024-08-04,Defaulted,No
689461,642369,1889479.52,12.73,2022-10-10,2026-05-21,Personal,31318.78,2024-10-20,Closed,No
97347,434035,1794622.94,12.8,2023-05-22,2025-12-25,Education,9440.88,2024-03-29,Closed,No
214902,763127,490719.45,10.31,2024-09-26,2030-01-01,Home,23685.58,2024-12-20,Defaulted,No
205442,732854,3510966.9,9.85,2024-04-27,2028-01-25,Car,32496.92,2025-01-13,Active,No
294607,963391,4898893.9,11.67,2024-03-25,2029-06-12,Car,47740.0,2024-02-21,Defaulted,No
878727,533545,1506190.41,9.29,2022-10-15,2028-02-09,Home,38817.57,2024-09-04,Active,No
962984,712988,4450596.34,8.33,2022-07-25,2027-08-09,Car,23686.89,2024-01-20,Active,No
964007,609664,4692558.25,14.76,2023-06-26,2025-08-09,Car,33848.18,2024-04-21,Closed,No
772823,58285,3432073.16,11.02,2024-10-10,2026-12-18,Home,33952.1,2024-02-26,Closed,No
822351,620181,3163372.32,12.8,2024-10-03,2026-07-19,Home,43574.13,2024-06-07,Closed,No
520600,753805,3800261.03,8.94,2024-05-26,2027-05-25,Education,43727.37,2024-05-24,Active,No
869457,882266,1316631.63,9.9,2024-12-24,2030-01-05,Education,35510.37,2024-07-08,Closed,No
947459,810347,1424674.54,9.21,2024-07-18,2026-10-05,Car,28304.27,2024-08-03,Closed,No
903219,286672,743001.0,13.21,2024-09-14,2025-12-04,Car,38526.77,2024-03-22,Active,No
53251,200085,1562451.92,12.91,2022-08-26,2028-04-09,Personal,12512.1,2024-11-09,Defaulted,No
133110,637119,652511.99,12.54,2022-12-02,2026-11-07,Personal,22819.63,2024-07-02,Active,No
735225,777088,3990756.95,12.25,2022-03-21,2029-02-16,Home,12608.89,2024-09-01,Closed,No
462056,640841,2340311.65,13.15,2023-08-25,2026-09-14,Home,8686.42,2024-09-02,Active,No
268225,780053,2553679.63,9.52,2022-06-24,2027-11-04,Education,19759.59,2024-05-14,Closed,No
38645,117415,3340749.11,13.93,2023-02-08,2028-08-24,Personal,6823.13,2025-01-09,Closed,No
1,368675,2718741.09,11.82,2023-05-21,2027-04-04,Car,42814.91,2024-04-25,Active,No
945095,271714,3505837.18,10.34,2024-07-18,2025-05-21,Education,38291.85,2024-12-01,Defaulted,No
616891,374930,570629.03,12.94,2022-11-27,2029-02-05,Personal,13168.34,2024-11-23,Active,Yes
19388,618250,3160070.32,12.19,2024-07-13,2027-10-11,Home,20361.32,2024-12-25,Defaulted,No
806548,309710,3202522.96,8.46,2024-03-19,2025-02-08,Personal,5426.53,2024-05-04,Closed,No
873670,764524,4286820.58,11.93,2024-06-14,2028-01-21,Home,9949.41,2024-11-30,Active,No
425473,807734,4756420.48,11.97,2024-02-15,2027-10-20,Home,30045.24,2024-03-24,Defaulted,No
344645,976436,1221432.53,11.59,2024-12-03,2028-02-07,Car,13489.22,2024-02-10,Active,No
701789,293488,2067413.56,13.94,2022-07-20,2026-01-08,Car,9340.72,2024-04-15,Active,No
35112,642434,813260.35,13.18,2022-09-27,2025-10-03,Education,30297.58,2024-09-23,Closed,No
884355,949091,319960.85,11.53,2022-02-27,2026-07-05,Car,48276.16,2024-03-06,Defaulted,No
425316,365189,3041969.32,14.12,2024-11-25,2029-08-06,Car,41713.37,2024-01-27,Active,No
253299,150765,2908453.28,11.26,2024-05-07,2026-10-05,Personal,31077.94,2024-04-27,Closed,No
637266,107770,4341107.72,9.5,2025-01-08,2026-04-24,Home,11557.52,2025-01-07,Closed,No
105803,283017,1033433.1,12.01,2022-12-23,2026-01-21,Home,25708.21,2024-11-27,Closed,No
464942,528720,3459714.32,9.38,2024-03-04,2027-05-19,Car,7995.94,2024-08-21,Defaulted,No
204761,732777,3001620.1,10.06,2023-02-02,2029-12-13,Home,34563.94,2024-10-03,Active,No
796258,405691,813694.45,8.77,2023-10-15,2028-09-11,Car,42683.9,2024-07-13,Closed,No
222673,1756,94712.27,13.24,2024-10-27,2027-09-01,Personal,7926.77,2024-02-22,Closed,No
388327,765169,64426.1,8.1,2024-08-10,2029-12-13,Education,29989.78,2025-01-18,Active,No
73234,243427,726720.28,14.73,2022-02-16,2025-07-14,Education,23784.71,2024-09-13,Defaulted,No
924559,564322,4923247.07,11.1,2024-05-21,2029-01-25,Car,45510.54,2024-02-11,Closed,No
281616,47595,3013122.05,8.77,2023-05-29,2028-07-04,Home,14422.05,2024-04-29,Defaulted,No
881300,268729,2306498.99,10.99,2024-06-01,2027-04-28,Car,35644.44,2024-03-13,Closed,No
846855,281632,2460279.53,14.98,2022-02-04,2025-02-27,Car,22058.02,2024-11-09,Closed,No
963893,200614,1974913.41,10.28,2022-09-06,2029-01-01,Car,30415.04,2024-07-04,Closed,No
645760,720791,4367658.36,14.11,2024-09-30,2028-09-10,Home,8878.22,2024-03-18,Closed,No
719804,947367,4191142.46,9.25,2023-04-06,2027-07-19,Education,18922.04,2024-02-19,Defaulted,No
894158,659483,4773152.08,12.51,2023-06-13,2027-06-18,Education,43512.04,2024-11-22,Defaulted,No
961109,171495,1222589.14,11.92,2022-10-22,2026-03-22,Home,30162.07,2024-10-21,Defaulted,No
645710,153884,1571101.22,9.45,2023-01-28,2028-08-27,Car,7516.86,2024-07-25,Active,Yes
307705,675125,2324772.29,9.85,2023-05-13,2025-04-02,Home,9665.75,2024-12-30,Closed,No
537482,676026,3235705.53,10.03,2024-05-31,2027-06-17,Home,7682.42,2024-04-02,Defaulted,No
321607,44021,4556533.95,11.2,2023-04-17,2029-10-31,Home,24626.92,2024-06-09,Active,No
769390,903423,479448.96,14.9,2022-02-28,2028-09-15,Education,24220.49,2024-09-02,Closed,Yes
912536,861441,3411972.33,8.2,2023-06-01,2025-02-18,Education,19908.69,2025-01-18,Active,No
719266,76076,2029322.85,10.04,2024-08-01,2026-12-13,Personal,16289.36,2024-10-12,Defaulted,Yes
854960,294508,503860.97,8.1,2022-01-29,2029-05-14,Car,26556.37,2024-06-21,Defaulted,No
387211,495006,3452080.39,12.02,2024-06-17,2027-07-08,Education,7241.92,2024-09-14,Defaulted,No
672581,598741,2847871.24,8.64,2023-12-29,2029-10-08,Car,21450.38,2024-03-07,Closed,No
102836,74251,2636565.65,14.71,2023-11-16,2028-01-06,Education,24136.94,2024-02-18,Closed,No
866080,510846,2806645.07,10.0,2024-06-08,2025-06-28,Personal,31098.91,2024-05-19,Closed,No
452172,650035,1961440.96,14.48,2022-09-06,2027-08-08,Home,33910.93,2024-03-25,Active,No
130013,898677,4206415.31,8.69,2024-02-06,2027-11-12,Personal,36962.22,2024-11-20,Defaulted,No
592449,348557,172153.57,13.37,2022-04-11,2026-06-01,Car,46195.3,2024-03-27,Active,No
9435,532438,1015377.19,14.34,2024-12-04,2025-12-10,Education,33554.22,2024-08-16,Closed,No
751039,141161,3361340.46,11.36,2023-01-31,2028-04-02,Home,14484.85,2024-06-11,Defaulted,No
219796,640841,201109.89,12.17,2023-01-02,2028-05-09,Personal,27619.91,2024-02-05,Closed,No
659260,281632,702418.51,11.69,2022-12-24,2029-09-04,Personal,8382.71,2024-11-11,Closed,No
551244,832907,4568322.48,13.06,2022-07-09,2029-01-29,Personal,45570.55,2024-09-23,Active,No
734777,789066,3287292.38,11.61,2023-01-14,2026-08-21,Car,9019.93,2024-04-07,Closed,No
507649,268729,4362050.72,14.08,2025-01-15,2027-04-05,Education,33091.89,2024-11-29,Active,No
159155,387303,234112.22,12.37,2023-10-14,2027-11-28,Car,9314.84,2024-05-31,Defaulted,Yes
180716,786045,1720605.43,9.26,2024-03-27,2028-09-24,Education,33114.59,2024-10-29,Active,No
429116,652004,1610159.67,14.71,2022-01-24,2026-08-05,Personal,15530.02,2024-10-09,Closed,No
766746,125097,2972027.09,14.85,2024-04-14,2026-06-01,Education,21143.98,2024-06-09,Active,Yes
783446,631825,700163.76,8.64,2022-07-24,2025-07-18,Home,22077.6,2024-08-10,Closed,No
179588,218097,1809313.91,12.87,2022-11-06,2025-01-24,Car,46553.8,2024-06-05,Closed,No
113436,548913,3915075.02,10.61,2023-05-26,2027-07-09,Home,44996.02,2024-11-08,Defaulted,No
399008,732777,4095273.43,14.56,2023-05-26,2026-07-26,Home,9256.13,2024-07-27,Active,No
460218,93889,4740574.14,13.26,2023-06-08,2029-01-23,Personal,13290.18,2024-03-17,Active,No
758269,780153,2451772.55,8.28,2023-12-02,2026-01-26,Home,32124.49,2024-05-08,Closed,No
864275,142729,2724500.04,9.45,2023-10-20,2029-04-22,Home,37288.71,2024-01-23,Closed,No
353568,346599,331186.69,13.41,2022-08-19,2028-06-18,Education,8128.3,2024-06-04,Closed,No
286264,406915,4082999.34,10.26,2022-02-24,2029-07-02,Personal,6877.43,2024-11-21,Defaulted,No
740619,493264,2878434.71,12.74,2024-02-24,2027-03-05,Home,17745.53,2024-06-20,Closed,Yes
974821,696961,2717066.62,8.44,2022-04-05,2026-12-24,Home,33967.31,2024-09-29,Active,No
930039,528720,2141850.02,8.17,2023-04-05,2028-01-31,Car,11404.49,2024-12-17,Defaulted,No
872681,294508,423622.41,11.61,2024-10-06,2029-04-17,Education,20337.45,2024-05-09,Active,No
255859,192228,2423969.35,13.74,2022-04-17,2027-04-05,Education,23328.42,2024-05-04,Defaulted,No
20177,551903,4132557.46,10.19,2022-09-19,2029-05-19,Education,28372.79,2025-01-04,Active,No
591183,706364,3190745.22,11.65,2023-09-14,2028-05-24,Car,17514.58,2024-10-23,Closed,Yes
886709,939767,4299663.74,11.23,2024-01-07,2028-01-14,Home,35625.93,2024-02-10,Closed,No
757449,750058,4694548.31,9.73,2023-05-03,2026-04-16,Personal,45401.26,2024-12-04,Closed,No
141907,706364,1531452.44,8.59,2023-03-20,2025-07-12,Car,5603.77,2024-07-13,Defaulted,No
994549,282204,3147815.74,14.86,2023-06-14,2027-05-19,Car,27655.1,2024-12-12,Active,No
70814,742762,1411525.16,10.76,2022-11-18,2026-09-13,Personal,17709.05,2024-08-11,Defaulted,No
450367,775160,107751.15,8.9,2022-05-22,2028-08-08,Education,38029.24,2024-02-18,Closed,No
955643,730898,1671607.03,8.63,2023-07-30,2028-11-09,Education,29995.89,2024-08-02,Active,No
920930,546117,904870.88,9.6,2024-05-10,2029-08-17,Home,16762.33,2024-12-10,Closed,No
15030,140431,2227997.36,10.16,2024-01-07,2025-09-04,Home,20923.58,2024-04-06,Defaulted,No
72954,31869,3015901.54,9.94,2022-02-12,2025-02-17,Home,29866.57,2024-04-23,Closed,No
415708,736709,4282405.73,13.06,2023-07-24,2028-07-13,Personal,23122.08,2024-05-21,Closed,No
795555,363220,105628.42,14.04,2023-06-03,2027-12-10,Personal,28991.98,2024-04-05,Active,No
762503,832002,2612842.4,8.38,2024-05-15,2027-11-06,Car,14281.57,2024-10-30,Closed,No
757694,141739,4407936.15,12.37,2023-02-12,2025-09-22,Home,11742.83,2024-08-17,Defaulted,No
626285,88413,2771259.82,10.94,2023-06-18,2029-07-04,Home,26595.73,2024-10-04,Active,No
209137,845666,2645239.41,13.32,2024-04-16,2029-10-13,Personal,29657.41,2024-12-05,Active,No
646489,493632,564468.3,9.6,2024-03-13,2025-06-30,Home,26281.52,2024-06-29,Defaulted,No
683031,470085,3900015.34,9.31,2023-07-14,2026-04-30,Personal,49755.92,2024-10-12,Closed,No
415837,551096,4115276.23,8.17,2022-10-14,2029-01-10,Personal,20198.26,2024-05-16,Active,No
936886,532856,4648835.66,10.76,2022-03-31,2026-09-07,Education,6724.01,2024-05-13,Closed,No
337158,128599,373425.86,10.3,2023-10-30,2029-07-16,Car,14830.93,2024-06-12,Active,Yes
673277,564322,1804210.57,10.36,2022-12-11,2029-08-12,Education,48787.85,2024-07-23,Defaulted,No
265772,479958,4641890.21,8.98,2022-07-04,2025-11-13,Home,12415.78,2024-02-29,Closed,No
798516,308580,798009.34,11.61,2023-04-24,2028-06-24,Car,42159.69,2024-07-17,Closed,No
29771,807734,3723758.35,14.79,2023-05-18,2028-09-01,Personal,10391.62,2024-10-11,Closed,No
304908,468075,1420516.28,9.27,2022-02-12,2027-09-28,Car,32390.88,2024-09-10,Active,No
741734,978436,1864339.4,11.42,2023-01-19,2026-06-24,Car,46255.81,2024-03-11,Active,No
720854,479958,1011834.86,14.74,2024-12-15,2027-04-13,Car,45626.36,2024-09-14,Active,No
636723,485108,3238737.81,10.19,2023-11-02,2029-10-28,Education,40605.08,2024-05-25,Defaulted,No
515546,67681,4221630.17,10.08,2024-05-10,2027-08-16,Home,12777.89,2024-07-20,Defaulted,No
634748,931765,4475028.27,13.34,2022-12-15,2026-08-13,Personal,36172.37,2024-05-01,Defaulted,No
484889,556894,4166664.38,11.96,2022-03-30,2025-05-19,Education,43445.11,2024-09-21,Defaulted,No
305160,993671,643966.31,13.86,2024-11-03,2025-08-13,Car,48441.57,2024-03-09,Defaulted,No
903714,348557,2345761.49,11.35,2022-10-18,2026-10-20,Education,19500.5,2024-09-02,Defaulted,No
559901,578666,3927927.6,15.0,2024-06-08,2025-03-19,Education,14869.88,2025-01-18,Active,No
733494,551096,1271575.15,13.38,2024-11-17,2026-08-28,Education,33142.26,2024-09-03,Active,No
229707,932123,1084516.14,12.7,2024-12-04,2025-06-28,Home,24716.36,2024-12-04,Closed,No
1535,389469,144983.17,14.8,2024-03-15,2026-04-21,Personal,25809.86,2024-05-04,Defaulted,No
751940,51890,161469.25,12.24,2023-10-03,2027-02-11,Home,36721.76,2025-01-17,Active,No
265922,46388,2021643.75,11.0,2022-05-03,2027-04-17,Car,35795.05,2024-09-07,Defaulted,No
826346,931961,4097038.51,12.74,2022-09-23,2026-08-12,Education,49756.28,2024-04-03,Active,No
587124,583301,3643457.14,8.58,2022-04-16,2025-06-26,Education,28198.98,2024-03-09,Closed,No
750895,813290,4289411.37,14.36,2023-09-28,2025-09-11,Home,13348.67,2024-08-10,Closed,No
789259,960252,541470.31,13.66,2023-05-24,2027-01-26,Education,21319.71,2024-08-10,Active,No
79073,191628,1593331.25,14.22,2024-01-15,2029-01-15,Car,27597.29,2024-10-29,Active,No
202586,714170,3088738.44,8.05,2022-11-26,2029-12-12,Car,31701.76,2024-10-01,Closed,No
28880,214197,1814246.06,12.34,2023-06-29,2029-04-11,Education,17106.02,2024-07-14,Closed,No
368825,336258,1469755.12,11.1,2022-07-20,2025-05-12,Car,12574.19,2024-06-24,Active,No
457263,374300,1784725.19,9.36,2024-08-06,2029-02-08,Car,40889.64,2024-10-30,Closed,No
907783,93889,3483399.11,14.93,2023-06-28,2027-07-28,Education,27921.54,2025-01-01,Defaulted,No
946293,471842,2336211.15,8.02,2022-07-22,2029-01-26,Personal,15486.43,2024-04-23,Active,No
697744,502987,3638835.9,11.05,2024-01-06,2028-10-26,Home,17122.12,2024-05-07,Defaulted,No
484020,248547,314930.61,11.08,2024-01-14,2026-12-01,Education,37656.06,2024-03-09,Closed,No
617834,169436,4731684.31,8.69,2023-07-27,2026-07-31,Home,33472.6,2024-10-15,Active,No
419163,559848,3070837.14,8.09,2024-02-11,2027-01-11,Home,41865.17,2024-02-12,Active,No
629685,809894,2428120.1,10.96,2023-04-02,2026-03-24,Personal,32982.16,2024-05-31,Closed,No
460380,258996,3698645.89,10.98,2022-06-15,2029-03-23,Education,17089.58,2024-12-12,Closed,No
127942,998655,2176358.98,14.06,2022-05-04,2026-07-26,Education,38070.97,2024-08-15,Active,No
682950,306000,2834254.25,12.23,2022-05-19,2028-06-22,Personal,13584.47,2024-05-02,Closed,No
639684,548452,1946744.35,9.91,2022-10-14,2027-11-23,Home,15827.02,2024-02-11,Active,Yes
437304,355039,4545514.84,13.93,2024-09-29,2027-11-28,Car,19251.76,2024-12-16,Active,No
496578,170854,3680378.47,12.37,2022-12-22,2028-11-19,Car,12583.15,2024-08-19,Active,No
148981,346599,3508794.53,14.31,2023-04-29,2027-01-06,Home,25849.88,2024-03-26,Active,No
258061,992452,2986558.66,8.78,2022-02-24,2027-03-30,Personal,48558.83,2024-08-22,Defaulted,No
326040,947367,1911049.97,9.7,2023-02-20,2027-07-20,Personal,32171.27,2024-11-05,Active,No
972197,470885,3644115.94,14.42,2022-08-31,2027-07-19,Car,15133.89,2024-03-04,Defaulted,No
223947,208842,317557.19,10.28,2024-08-26,2025-08-29,Car,22762.71,2024-10-06,Active,No
24086,89301,4369180.7,8.94,2023-12-17,2026-01-14,Home,39481.01,2024-08-05,Active,No
47017,404334,133514.72,14.9,2024-03-17,2028-05-16,Car,34828.42,2024-03-28,Closed,No
189334,963391,2023605.19,10.53,2023-05-13,2028-07-09,Car,45723.83,2024-03-17,Closed,No
50480,375995,4291964.37,8.6,2022-11-20,2027-09-14,Personal,7449.74,2024-09-02,Active,No
675593,180887,2892892.64,11.68,2023-02-01,2026-02-08,Education,18187.93,2024-08-01,Closed,No
2776,482339,2019215.8,8.81,2024-09-04,2028-02-05,Car,10462.21,2024-09-25,Defaulted,No
654038,676026,4053916.7,12.64,2022-11-13,2026-08-21,Personal,15828.41,2024-10-17,Closed,No
984653,687140,351594.63,10.13,2022-12-04,2028-06-29,Home,35690.92,2024-05-30,Closed,No
56084,998655,3512833.06,12.97,2022-03-26,2026-08-28,Personal,20960.17,2024-05-27,Active,No
718179,750058,4917015.02,10.81,2022-10-20,2025-07-06,Car,9926.09,2024-12-24,Closed,No
38353,170881,1927849.84,10.08,2024-10-25,2025-04-06,Education,43357.76,2024-10-04,Defaulted,Yes
97383,283909,2636962.07,8.31,2024-02-14,2029-07-07,Car,24572.16,2024-05-04,Defaulted,No
880006,22589,4828276.39,14.86,2023-11-10,2029-05-02,Education,21216.07,2024-02-06,Defaulted,No
180683,62069,4812096.76,11.31,2023-05-03,2029-11-11,Education,45493.43,2024-02-04,Defaulted,No
349493,462703,3247976.35,9.36,2023-10-02,2028-01-16,Education,48684.06,2024-04-25,Active,Yes
667943,424969,1705544.98,12.39,2022-10-08,2028-08-15,Car,45509.94,2025-01-11,Active,No
776431,497496,854236.67,13.79,2024-07-07,2027-02-03,Education,30205.0,2024-12-07,Closed,No
592071,717024,4376889.53,11.77,2024-11-18,2029-09-07,Education,40288.93,2024-10-06,Closed,No
649717,634537,1566433.17,11.63,2024-08-15,2026-11-30,Personal,46500.28,2024-11-14,Defaulted,No
584310,609664,2160865.48,8.52,2023-12-08,2025-12-25,Car,8777.0,2024-04-17,Active,No
232543,176638,2541583.91,11.43,2022-03-26,2027-09-10,Personal,37088.44,2024-09-20,Closed,Yes
770537,234415,1187834.84,14.09,2022-11-28,2030-01-18,Car,35572.59,2024-12-15,Active,No
380923,73127,1168445.59,12.6,2023-02-24,2025-10-20,Personal,38784.97,2024-09-08,Active,No
315463,90686,3345883.72,11.9,2022-06-12,2028-06-10,Car,39537.57,2024-01-25,Defaulted,No
894535,867596,676107.24,9.48,2025-01-17,2029-02-08,Personal,20476.58,2024-01-30,Defaulted,No
853467,612530,4426536.03,10.02,2023-05-03,2026-06-10,Education,37636.68,2024-09-17,Defaulted,No
438298,389469,833849.16,14.88,2024-11-28,2029-05-17,Home,27818.63,2024-11-08,Closed,No
215743,382376,1127729.17,9.92,2022-04-17,2028-08-04,Car,7922.23,2024-12-14,Closed,No
195509,857472,2287134.92,14.76,2024-04-01,2027-07-26,Personal,28367.94,2024-02-20,Closed,Yes
517761,488252,3203890.29,11.95,2023-09-10,2026-05-13,Education,42175.96,2024-08-07,Defaulted,No
661130,612370,406013.24,13.38,2024-06-14,2028-04-01,Home,43027.12,2024-10-19,Defaulted,No
233453,293488,2144416.69,9.96,2022-01-19,2025-02-08,Personal,48083.93,2024-10-20,Closed,No
517705,570829,1048417.93,11.57,2022-05-07,2025-07-10,Home,5352.0,2024-10-05,Active,No
871078,890259,1232814.78,10.47,2023-05-07,2025-07-17,Car,20942.91,2024-05-13,Closed,No
